Filename,Method,OutlierFraction,NumTrials,BiasCorrection,NumOGKIterations,UnivariateEstimator,ReweightingMethod,NumConcentrationSteps,StartMethod,Parameter_Iteration,F1_Median,F1_Range,ARI_Median
CastMetal1,fmcd,0.5,500,1,2,tauscale,rfch,10,classical,0,0.0,0.0,1.0
CastMetal1,ogk,0.5,500,1,2,tauscale,rfch,10,classical,0,0.0,0.0,1.0
CastMetal1,olivehawkins,0.5,500,1,2,tauscale,rfch,10,classical,0,0.0,0.0,1.0
CastMetal1,fmcd,0.05,500,1,2,tauscale,rfch,10,classical,0,0.0,0.0,1.0
CastMetal1,fmcd,0.1,500,1,2,tauscale,rfch,10,classical,0,0.0,0.0,1.0
CastMetal1,fmcd,0.2,500,1,2,tauscale,rfch,10,classical,0,0.0,0.0,1.0
CastMetal1,fmcd,0.25,500,1,2,tauscale,rfch,10,classical,0,0.0,0.0,1.0
CastMetal1,fmcd,0.3,500,1,2,tauscale,rfch,10,classical,0,0.0,0.0,1.0
CastMetal1,fmcd,0.4,500,1,2,tauscale,rfch,10,classical,0,0.0,0.0,1.0
CastMetal1,fmcd,0.5,2,1,2,tauscale,rfch,10,classical,0,0.0,0.0,1.0
CastMetal1,fmcd,0.5,5,1,2,tauscale,rfch,10,classical,0,0.0,0.0,1.0
CastMetal1,fmcd,0.5,10,1,2,tauscale,rfch,10,classical,0,0.0,0.0,1.0
CastMetal1,fmcd,0.5,25,1,2,tauscale,rfch,10,classical,0,0.0,0.0,1.0
CastMetal1,fmcd,0.5,50,1,2,tauscale,rfch,10,classical,0,0.0,0.0,1.0
CastMetal1,fmcd,0.5,100,1,2,tauscale,rfch,10,classical,0,0.0,0.0,1.0
CastMetal1,fmcd,0.5,250,1,2,tauscale,rfch,10,classical,0,0.0,0.0,1.0
CastMetal1,fmcd,0.5,750,1,2,tauscale,rfch,10,classical,0,0.0,0.0,1.0
CastMetal1,fmcd,0.5,1000,1,2,tauscale,rfch,10,classical,0,0.0,0.0,1.0
CastMetal1,fmcd,0.5,500,0,2,tauscale,rfch,10,classical,0,0.0,0.0,1.0
CostaMadre1,fmcd,0.5,500,1,2,tauscale,rfch,10,classical,0,0.0,0.0,1.0
CostaMadre1,ogk,0.5,500,1,2,tauscale,rfch,10,classical,0,0.0,0.0,1.0
CostaMadre1,olivehawkins,0.5,500,1,2,tauscale,rfch,10,classical,0,0.0,0.0,1.0
CostaMadre1,fmcd,0.05,500,1,2,tauscale,rfch,10,classical,0,0.0,0.0,1.0
CostaMadre1,fmcd,0.1,500,1,2,tauscale,rfch,10,classical,0,0.0,0.0,1.0
CostaMadre1,fmcd,0.2,500,1,2,tauscale,rfch,10,classical,0,0.0,0.0,1.0
CostaMadre1,fmcd,0.25,500,1,2,tauscale,rfch,10,classical,0,0.0,0.0,1.0
CostaMadre1,fmcd,0.3,500,1,2,tauscale,rfch,10,classical,0,0.0,0.0,1.0
CostaMadre1,fmcd,0.4,500,1,2,tauscale,rfch,10,classical,0,0.0,0.0,1.0
CostaMadre1,fmcd,0.5,2,1,2,tauscale,rfch,10,classical,0,0.0,0.0,1.0
CostaMadre1,fmcd,0.5,5,1,2,tauscale,rfch,10,classical,0,0.0,0.0,1.0
CostaMadre1,fmcd,0.5,10,1,2,tauscale,rfch,10,classical,0,0.0,0.0,1.0
CostaMadre1,fmcd,0.5,25,1,2,tauscale,rfch,10,classical,0,0.0,0.0,1.0
CostaMadre1,fmcd,0.5,50,1,2,tauscale,rfch,10,classical,0,0.0,0.0,1.0
CostaMadre1,fmcd,0.5,100,1,2,tauscale,rfch,10,classical,0,0.0,0.0,1.0
CostaMadre1,fmcd,0.5,250,1,2,tauscale,rfch,10,classical,0,0.0,0.0,1.0
CostaMadre1,fmcd,0.5,750,1,2,tauscale,rfch,10,classical,0,0.0,0.0,1.0
CostaMadre1,fmcd,0.5,1000,1,2,tauscale,rfch,10,classical,0,0.0,0.0,1.0
CostaMadre1,fmcd,0.5,500,0,2,tauscale,rfch,10,classical,0,0.0,0.0,1.0
KnuggetChase3,fmcd,0.5,500,1,2,tauscale,rfch,10,classical,0,0.0,0.0,1.0
KnuggetChase3,ogk,0.5,500,1,2,tauscale,rfch,10,classical,0,0.0,0.0,1.0
KnuggetChase3,olivehawkins,0.5,500,1,2,tauscale,rfch,10,classical,0,0.0,0.0,1.0
KnuggetChase3,fmcd,0.05,500,1,2,tauscale,rfch,10,classical,0,0.0,0.0,1.0
KnuggetChase3,fmcd,0.1,500,1,2,tauscale,rfch,10,classical,0,0.0,0.0,1.0
KnuggetChase3,fmcd,0.2,500,1,2,tauscale,rfch,10,classical,0,0.0,0.0,1.0
KnuggetChase3,fmcd,0.25,500,1,2,tauscale,rfch,10,classical,0,0.0,0.0,1.0
KnuggetChase3,fmcd,0.3,500,1,2,tauscale,rfch,10,classical,0,0.0,0.0,1.0
KnuggetChase3,fmcd,0.4,500,1,2,tauscale,rfch,10,classical,0,0.0,0.0,1.0
KnuggetChase3,fmcd,0.5,2,1,2,tauscale,rfch,10,classical,0,0.0,0.0,1.0
KnuggetChase3,fmcd,0.5,5,1,2,tauscale,rfch,10,classical,0,0.0,0.0,1.0
KnuggetChase3,fmcd,0.5,10,1,2,tauscale,rfch,10,classical,0,0.0,0.0,1.0
KnuggetChase3,fmcd,0.5,25,1,2,tauscale,rfch,10,classical,0,0.0,0.0,1.0
KnuggetChase3,fmcd,0.5,50,1,2,tauscale,rfch,10,classical,0,0.0,0.0,1.0
KnuggetChase3,fmcd,0.5,100,1,2,tauscale,rfch,10,classical,0,0.0,0.0,1.0
KnuggetChase3,fmcd,0.5,250,1,2,tauscale,rfch,10,classical,0,0.0,0.0,1.0
KnuggetChase3,fmcd,0.5,750,1,2,tauscale,rfch,10,classical,0,0.0,0.0,1.0
KnuggetChase3,fmcd,0.5,1000,1,2,tauscale,rfch,10,classical,0,0.0,0.0,1.0
KnuggetChase3,fmcd,0.5,500,0,2,tauscale,rfch,10,classical,0,0.0,0.0,1.0
KungChi3,fmcd,0.5,500,1,2,tauscale,rfch,10,classical,0,0.0,0.0,1.0
KungChi3,ogk,0.5,500,1,2,tauscale,rfch,10,classical,0,0.0,0.0,1.0
KungChi3,olivehawkins,0.5,500,1,2,tauscale,rfch,10,classical,0,0.0,0.0,1.0
KungChi3,fmcd,0.05,500,1,2,tauscale,rfch,10,classical,0,0.0,0.0,1.0
KungChi3,fmcd,0.1,500,1,2,tauscale,rfch,10,classical,0,0.0,0.0,1.0
KungChi3,fmcd,0.2,500,1,2,tauscale,rfch,10,classical,0,0.0,0.0,1.0
KungChi3,fmcd,0.25,500,1,2,tauscale,rfch,10,classical,0,0.0,0.0,1.0
KungChi3,fmcd,0.3,500,1,2,tauscale,rfch,10,classical,0,0.0,0.0,1.0
KungChi3,fmcd,0.4,500,1,2,tauscale,rfch,10,classical,0,0.0,0.0,1.0
KungChi3,fmcd,0.5,2,1,2,tauscale,rfch,10,classical,0,0.0,0.0,1.0
KungChi3,fmcd,0.5,5,1,2,tauscale,rfch,10,classical,0,0.0,0.0,1.0
KungChi3,fmcd,0.5,10,1,2,tauscale,rfch,10,classical,0,0.0,0.0,1.0
KungChi3,fmcd,0.5,25,1,2,tauscale,rfch,10,classical,0,0.0,0.0,1.0
KungChi3,fmcd,0.5,50,1,2,tauscale,rfch,10,classical,0,0.0,0.0,1.0
KungChi3,fmcd,0.5,100,1,2,tauscale,rfch,10,classical,0,0.0,0.0,1.0
KungChi3,fmcd,0.5,250,1,2,tauscale,rfch,10,classical,0,0.0,0.0,1.0
KungChi3,fmcd,0.5,750,1,2,tauscale,rfch,10,classical,0,0.0,0.0,1.0
KungChi3,fmcd,0.5,1000,1,2,tauscale,rfch,10,classical,0,0.0,0.0,1.0
KungChi3,fmcd,0.5,500,0,2,tauscale,rfch,10,classical,0,0.0,0.0,1.0
MeanWhile1,fmcd,0.5,500,1,2,tauscale,rfch,10,classical,0,0.0,0.0,1.0
MeanWhile1,ogk,0.5,500,1,2,tauscale,rfch,10,classical,0,0.0,0.0,1.0
MeanWhile1,olivehawkins,0.5,500,1,2,tauscale,rfch,10,classical,0,0.0,0.0,1.0
MeanWhile1,fmcd,0.05,500,1,2,tauscale,rfch,10,classical,0,0.0,0.0,1.0
MeanWhile1,fmcd,0.1,500,1,2,tauscale,rfch,10,classical,0,0.0,0.0,1.0
MeanWhile1,fmcd,0.2,500,1,2,tauscale,rfch,10,classical,0,0.0,0.0,1.0
MeanWhile1,fmcd,0.25,500,1,2,tauscale,rfch,10,classical,0,0.0,0.0,1.0
MeanWhile1,fmcd,0.3,500,1,2,tauscale,rfch,10,classical,0,0.0,0.0,1.0
MeanWhile1,fmcd,0.4,500,1,2,tauscale,rfch,10,classical,0,0.0,0.0,1.0
MeanWhile1,fmcd,0.5,2,1,2,tauscale,rfch,10,classical,0,0.0,0.0,1.0
MeanWhile1,fmcd,0.5,5,1,2,tauscale,rfch,10,classical,0,0.0,0.0,1.0
MeanWhile1,fmcd,0.5,10,1,2,tauscale,rfch,10,classical,0,0.0,0.0,1.0
MeanWhile1,fmcd,0.5,25,1,2,tauscale,rfch,10,classical,0,0.0,0.0,1.0
MeanWhile1,fmcd,0.5,50,1,2,tauscale,rfch,10,classical,0,0.0,0.0,1.0
MeanWhile1,fmcd,0.5,100,1,2,tauscale,rfch,10,classical,0,0.0,0.0,1.0
MeanWhile1,fmcd,0.5,250,1,2,tauscale,rfch,10,classical,0,0.0,0.0,1.0
MeanWhile1,fmcd,0.5,750,1,2,tauscale,rfch,10,classical,0,0.0,0.0,1.0
MeanWhile1,fmcd,0.5,1000,1,2,tauscale,rfch,10,classical,0,0.0,0.0,1.0
MeanWhile1,fmcd,0.5,500,0,2,tauscale,rfch,10,classical,0,0.0,0.0,1.0
MegaWatt1,fmcd,0.5,500,1,2,tauscale,rfch,10,classical,0,0.0,0.0,1.0
MegaWatt1,ogk,0.5,500,1,2,tauscale,rfch,10,classical,0,0.0,0.0,1.0
MegaWatt1,olivehawkins,0.5,500,1,2,tauscale,rfch,10,classical,0,0.0,0.0,1.0
MegaWatt1,fmcd,0.05,500,1,2,tauscale,rfch,10,classical,0,0.0,0.0,1.0
MegaWatt1,fmcd,0.1,500,1,2,tauscale,rfch,10,classical,0,0.0,0.0,1.0
MegaWatt1,fmcd,0.2,500,1,2,tauscale,rfch,10,classical,0,0.0,0.0,1.0
MegaWatt1,fmcd,0.25,500,1,2,tauscale,rfch,10,classical,0,0.0,0.0,1.0
MegaWatt1,fmcd,0.3,500,1,2,tauscale,rfch,10,classical,0,0.0,0.0,1.0
MegaWatt1,fmcd,0.4,500,1,2,tauscale,rfch,10,classical,0,0.0,0.0,1.0
MegaWatt1,fmcd,0.5,2,1,2,tauscale,rfch,10,classical,0,0.0,0.0,1.0
MegaWatt1,fmcd,0.5,5,1,2,tauscale,rfch,10,classical,0,0.0,0.0,1.0
MegaWatt1,fmcd,0.5,10,1,2,tauscale,rfch,10,classical,0,0.0,0.0,1.0
MegaWatt1,fmcd,0.5,25,1,2,tauscale,rfch,10,classical,0,0.0,0.0,1.0
MegaWatt1,fmcd,0.5,50,1,2,tauscale,rfch,10,classical,0,0.0,0.0,1.0
MegaWatt1,fmcd,0.5,100,1,2,tauscale,rfch,10,classical,0,0.0,0.0,1.0
MegaWatt1,fmcd,0.5,250,1,2,tauscale,rfch,10,classical,0,0.0,0.0,1.0
MegaWatt1,fmcd,0.5,750,1,2,tauscale,rfch,10,classical,0,0.0,0.0,1.0
MegaWatt1,fmcd,0.5,1000,1,2,tauscale,rfch,10,classical,0,0.0,0.0,1.0
MegaWatt1,fmcd,0.5,500,0,2,tauscale,rfch,10,classical,0,0.0,0.0,1.0
PieChart1,fmcd,0.5,500,1,2,tauscale,rfch,10,classical,0,0.0,0.0,1.0
PieChart1,ogk,0.5,500,1,2,tauscale,rfch,10,classical,0,0.0,0.0,1.0
PieChart1,olivehawkins,0.5,500,1,2,tauscale,rfch,10,classical,0,0.0,0.0,1.0
PieChart1,fmcd,0.05,500,1,2,tauscale,rfch,10,classical,0,0.0,0.0,1.0
PieChart1,fmcd,0.1,500,1,2,tauscale,rfch,10,classical,0,0.0,0.0,1.0
PieChart1,fmcd,0.2,500,1,2,tauscale,rfch,10,classical,0,0.0,0.0,1.0
PieChart1,fmcd,0.25,500,1,2,tauscale,rfch,10,classical,0,0.0,0.0,1.0
PieChart1,fmcd,0.3,500,1,2,tauscale,rfch,10,classical,0,0.0,0.0,1.0
PieChart1,fmcd,0.4,500,1,2,tauscale,rfch,10,classical,0,0.0,0.0,1.0
PieChart1,fmcd,0.5,2,1,2,tauscale,rfch,10,classical,0,0.0,0.0,1.0
PieChart1,fmcd,0.5,5,1,2,tauscale,rfch,10,classical,0,0.0,0.0,1.0
PieChart1,fmcd,0.5,10,1,2,tauscale,rfch,10,classical,0,0.0,0.0,1.0
PieChart1,fmcd,0.5,25,1,2,tauscale,rfch,10,classical,0,0.0,0.0,1.0
PieChart1,fmcd,0.5,50,1,2,tauscale,rfch,10,classical,0,0.0,0.0,1.0
PieChart1,fmcd,0.5,100,1,2,tauscale,rfch,10,classical,0,0.0,0.0,1.0
PieChart1,fmcd,0.5,250,1,2,tauscale,rfch,10,classical,0,0.0,0.0,1.0
PieChart1,fmcd,0.5,750,1,2,tauscale,rfch,10,classical,0,0.0,0.0,1.0
PieChart1,fmcd,0.5,1000,1,2,tauscale,rfch,10,classical,0,0.0,0.0,1.0
PieChart1,fmcd,0.5,500,0,2,tauscale,rfch,10,classical,0,0.0,0.0,1.0
PieChart2,fmcd,0.5,500,1,2,tauscale,rfch,10,classical,0,0.0,0.0,1.0
PieChart2,ogk,0.5,500,1,2,tauscale,rfch,10,classical,0,0.0,0.0,1.0
PieChart2,olivehawkins,0.5,500,1,2,tauscale,rfch,10,classical,0,0.0,0.0,1.0
PieChart2,fmcd,0.05,500,1,2,tauscale,rfch,10,classical,0,0.0,0.0,1.0
PieChart2,fmcd,0.1,500,1,2,tauscale,rfch,10,classical,0,0.0,0.0,1.0
PieChart2,fmcd,0.2,500,1,2,tauscale,rfch,10,classical,0,0.0,0.0,1.0
PieChart2,fmcd,0.25,500,1,2,tauscale,rfch,10,classical,0,0.0,0.0,1.0
PieChart2,fmcd,0.3,500,1,2,tauscale,rfch,10,classical,0,0.0,0.0,1.0
PieChart2,fmcd,0.4,500,1,2,tauscale,rfch,10,classical,0,0.0,0.0,1.0
PieChart2,fmcd,0.5,2,1,2,tauscale,rfch,10,classical,0,0.0,0.0,1.0
PieChart2,fmcd,0.5,5,1,2,tauscale,rfch,10,classical,0,0.0,0.0,1.0
PieChart2,fmcd,0.5,10,1,2,tauscale,rfch,10,classical,0,0.0,0.0,1.0
PieChart2,fmcd,0.5,25,1,2,tauscale,rfch,10,classical,0,0.0,0.0,1.0
PieChart2,fmcd,0.5,50,1,2,tauscale,rfch,10,classical,0,0.0,0.0,1.0
PieChart2,fmcd,0.5,100,1,2,tauscale,rfch,10,classical,0,0.0,0.0,1.0
PieChart2,fmcd,0.5,250,1,2,tauscale,rfch,10,classical,0,0.0,0.0,1.0
PieChart2,fmcd,0.5,750,1,2,tauscale,rfch,10,classical,0,0.0,0.0,1.0
PieChart2,fmcd,0.5,1000,1,2,tauscale,rfch,10,classical,0,0.0,0.0,1.0
PieChart2,fmcd,0.5,500,0,2,tauscale,rfch,10,classical,0,0.0,0.0,1.0
PieChart3,fmcd,0.5,500,1,2,tauscale,rfch,10,classical,0,0.0,0.0,1.0
PieChart3,ogk,0.5,500,1,2,tauscale,rfch,10,classical,0,0.0,0.0,1.0
PieChart3,olivehawkins,0.5,500,1,2,tauscale,rfch,10,classical,0,0.0,0.0,1.0
PieChart3,fmcd,0.05,500,1,2,tauscale,rfch,10,classical,0,0.0,0.0,1.0
PieChart3,fmcd,0.1,500,1,2,tauscale,rfch,10,classical,0,0.0,0.0,1.0
PieChart3,fmcd,0.2,500,1,2,tauscale,rfch,10,classical,0,0.0,0.0,1.0
PieChart3,fmcd,0.25,500,1,2,tauscale,rfch,10,classical,0,0.0,0.0,1.0
PieChart3,fmcd,0.3,500,1,2,tauscale,rfch,10,classical,0,0.0,0.0,1.0
PieChart3,fmcd,0.4,500,1,2,tauscale,rfch,10,classical,0,0.0,0.0,1.0
PieChart3,fmcd,0.5,2,1,2,tauscale,rfch,10,classical,0,0.0,0.0,1.0
PieChart3,fmcd,0.5,5,1,2,tauscale,rfch,10,classical,0,0.0,0.0,1.0
PieChart3,fmcd,0.5,10,1,2,tauscale,rfch,10,classical,0,0.0,0.0,1.0
PieChart3,fmcd,0.5,25,1,2,tauscale,rfch,10,classical,0,0.0,0.0,1.0
PieChart3,fmcd,0.5,50,1,2,tauscale,rfch,10,classical,0,0.0,0.0,1.0
PieChart3,fmcd,0.5,100,1,2,tauscale,rfch,10,classical,0,0.0,0.0,1.0
PieChart3,fmcd,0.5,250,1,2,tauscale,rfch,10,classical,0,0.0,0.0,1.0
PieChart3,fmcd,0.5,750,1,2,tauscale,rfch,10,classical,0,0.0,0.0,1.0
PieChart3,fmcd,0.5,1000,1,2,tauscale,rfch,10,classical,0,0.0,0.0,1.0
PieChart3,fmcd,0.5,500,0,2,tauscale,rfch,10,classical,0,0.0,0.0,1.0
PizzaCutter1,fmcd,0.5,500,1,2,tauscale,rfch,10,classical,0,0.0,0.0,1.0
PizzaCutter1,ogk,0.5,500,1,2,tauscale,rfch,10,classical,0,0.0,0.0,1.0
PizzaCutter1,olivehawkins,0.5,500,1,2,tauscale,rfch,10,classical,0,0.0,0.0,1.0
PizzaCutter1,fmcd,0.05,500,1,2,tauscale,rfch,10,classical,0,0.0,0.0,1.0
PizzaCutter1,fmcd,0.1,500,1,2,tauscale,rfch,10,classical,0,0.0,0.0,1.0
PizzaCutter1,fmcd,0.2,500,1,2,tauscale,rfch,10,classical,0,0.0,0.0,1.0
PizzaCutter1,fmcd,0.25,500,1,2,tauscale,rfch,10,classical,0,0.0,0.0,1.0
PizzaCutter1,fmcd,0.3,500,1,2,tauscale,rfch,10,classical,0,0.0,0.0,1.0
PizzaCutter1,fmcd,0.4,500,1,2,tauscale,rfch,10,classical,0,0.0,0.0,1.0
PizzaCutter1,fmcd,0.5,2,1,2,tauscale,rfch,10,classical,0,0.0,0.0,1.0
PizzaCutter1,fmcd,0.5,5,1,2,tauscale,rfch,10,classical,0,0.0,0.0,1.0
PizzaCutter1,fmcd,0.5,10,1,2,tauscale,rfch,10,classical,0,0.0,0.0,1.0
PizzaCutter1,fmcd,0.5,25,1,2,tauscale,rfch,10,classical,0,0.0,0.0,1.0
PizzaCutter1,fmcd,0.5,50,1,2,tauscale,rfch,10,classical,0,0.0,0.0,1.0
PizzaCutter1,fmcd,0.5,100,1,2,tauscale,rfch,10,classical,0,0.0,0.0,1.0
PizzaCutter1,fmcd,0.5,250,1,2,tauscale,rfch,10,classical,0,0.0,0.0,1.0
PizzaCutter1,fmcd,0.5,750,1,2,tauscale,rfch,10,classical,0,0.0,0.0,1.0
PizzaCutter1,fmcd,0.5,1000,1,2,tauscale,rfch,10,classical,0,0.0,0.0,1.0
PizzaCutter1,fmcd,0.5,500,0,2,tauscale,rfch,10,classical,0,0.0,0.0,1.0
PizzaCutter3,fmcd,0.5,500,1,2,tauscale,rfch,10,classical,0,0.0,0.0,1.0
PizzaCutter3,ogk,0.5,500,1,2,tauscale,rfch,10,classical,0,0.0,0.0,1.0
PizzaCutter3,olivehawkins,0.5,500,1,2,tauscale,rfch,10,classical,0,0.0,0.0,1.0
PizzaCutter3,fmcd,0.05,500,1,2,tauscale,rfch,10,classical,0,0.0,0.0,1.0
PizzaCutter3,fmcd,0.1,500,1,2,tauscale,rfch,10,classical,0,0.0,0.0,1.0
PizzaCutter3,fmcd,0.2,500,1,2,tauscale,rfch,10,classical,0,0.0,0.0,1.0
PizzaCutter3,fmcd,0.25,500,1,2,tauscale,rfch,10,classical,0,0.0,0.0,1.0
PizzaCutter3,fmcd,0.3,500,1,2,tauscale,rfch,10,classical,0,0.0,0.0,1.0
PizzaCutter3,fmcd,0.4,500,1,2,tauscale,rfch,10,classical,0,0.0,0.0,1.0
PizzaCutter3,fmcd,0.5,2,1,2,tauscale,rfch,10,classical,0,0.0,0.0,1.0
PizzaCutter3,fmcd,0.5,5,1,2,tauscale,rfch,10,classical,0,0.0,0.0,1.0
PizzaCutter3,fmcd,0.5,10,1,2,tauscale,rfch,10,classical,0,0.0,0.0,1.0
PizzaCutter3,fmcd,0.5,25,1,2,tauscale,rfch,10,classical,0,0.0,0.0,1.0
PizzaCutter3,fmcd,0.5,50,1,2,tauscale,rfch,10,classical,0,0.0,0.0,1.0
PizzaCutter3,fmcd,0.5,100,1,2,tauscale,rfch,10,classical,0,0.0,0.0,1.0
PizzaCutter3,fmcd,0.5,250,1,2,tauscale,rfch,10,classical,0,0.0,0.0,1.0
PizzaCutter3,fmcd,0.5,750,1,2,tauscale,rfch,10,classical,0,0.0,0.0,1.0
PizzaCutter3,fmcd,0.5,1000,1,2,tauscale,rfch,10,classical,0,0.0,0.0,1.0
PizzaCutter3,fmcd,0.5,500,0,2,tauscale,rfch,10,classical,0,0.0,0.0,1.0
analcatdata_apnea1,fmcd,0.5,500,1,2,tauscale,rfch,10,classical,0,0.0,0.0,1.0
analcatdata_apnea1,ogk,0.5,500,1,2,tauscale,rfch,10,classical,0,0.0,0.0,1.0
analcatdata_apnea1,olivehawkins,0.5,500,1,2,tauscale,rfch,10,classical,0,0.0,0.0,1.0
analcatdata_apnea1,fmcd,0.05,500,1,2,tauscale,rfch,10,classical,0,0.0,0.0,1.0
analcatdata_apnea1,fmcd,0.1,500,1,2,tauscale,rfch,10,classical,0,0.0,0.0,1.0
analcatdata_apnea1,fmcd,0.2,500,1,2,tauscale,rfch,10,classical,0,0.0,0.0,1.0
analcatdata_apnea1,fmcd,0.25,500,1,2,tauscale,rfch,10,classical,0,0.0,0.0,1.0
analcatdata_apnea1,fmcd,0.3,500,1,2,tauscale,rfch,10,classical,0,0.0,0.0,1.0
analcatdata_apnea1,fmcd,0.4,500,1,2,tauscale,rfch,10,classical,0,0.0,0.0,1.0
analcatdata_apnea1,fmcd,0.5,2,1,2,tauscale,rfch,10,classical,0,0.0,0.0,1.0
analcatdata_apnea1,fmcd,0.5,5,1,2,tauscale,rfch,10,classical,0,0.0,0.0,1.0
analcatdata_apnea1,fmcd,0.5,10,1,2,tauscale,rfch,10,classical,0,0.0,0.0,1.0
analcatdata_apnea1,fmcd,0.5,25,1,2,tauscale,rfch,10,classical,0,0.0,0.0,1.0
analcatdata_apnea1,fmcd,0.5,50,1,2,tauscale,rfch,10,classical,0,0.0,0.0,1.0
analcatdata_apnea1,fmcd,0.5,100,1,2,tauscale,rfch,10,classical,0,0.0,0.0,1.0
analcatdata_apnea1,fmcd,0.5,250,1,2,tauscale,rfch,10,classical,0,0.0,0.0,1.0
analcatdata_apnea1,fmcd,0.5,750,1,2,tauscale,rfch,10,classical,0,0.0,0.0,1.0
analcatdata_apnea1,fmcd,0.5,1000,1,2,tauscale,rfch,10,classical,0,0.0,0.0,1.0
analcatdata_apnea1,fmcd,0.5,500,0,2,tauscale,rfch,10,classical,0,0.0,0.0,1.0
analcatdata_apnea2,fmcd,0.5,500,1,2,tauscale,rfch,10,classical,0,0.0,0.0,1.0
analcatdata_apnea2,ogk,0.5,500,1,2,tauscale,rfch,10,classical,0,0.0,0.0,1.0
analcatdata_apnea2,olivehawkins,0.5,500,1,2,tauscale,rfch,10,classical,0,0.0,0.0,1.0
analcatdata_apnea2,fmcd,0.05,500,1,2,tauscale,rfch,10,classical,0,0.0,0.0,1.0
analcatdata_apnea2,fmcd,0.1,500,1,2,tauscale,rfch,10,classical,0,0.0,0.0,1.0
analcatdata_apnea2,fmcd,0.2,500,1,2,tauscale,rfch,10,classical,0,0.0,0.0,1.0
analcatdata_apnea2,fmcd,0.25,500,1,2,tauscale,rfch,10,classical,0,0.0,0.0,1.0
analcatdata_apnea2,fmcd,0.3,500,1,2,tauscale,rfch,10,classical,0,0.0,0.0,1.0
analcatdata_apnea2,fmcd,0.4,500,1,2,tauscale,rfch,10,classical,0,0.0,0.0,1.0
analcatdata_apnea2,fmcd,0.5,2,1,2,tauscale,rfch,10,classical,0,0.0,0.0,1.0
analcatdata_apnea2,fmcd,0.5,5,1,2,tauscale,rfch,10,classical,0,0.0,0.0,1.0
analcatdata_apnea2,fmcd,0.5,10,1,2,tauscale,rfch,10,classical,0,0.0,0.0,1.0
analcatdata_apnea2,fmcd,0.5,25,1,2,tauscale,rfch,10,classical,0,0.0,0.0,1.0
analcatdata_apnea2,fmcd,0.5,50,1,2,tauscale,rfch,10,classical,0,0.0,0.0,1.0
analcatdata_apnea2,fmcd,0.5,100,1,2,tauscale,rfch,10,classical,0,0.0,0.0,1.0
analcatdata_apnea2,fmcd,0.5,250,1,2,tauscale,rfch,10,classical,0,0.0,0.0,1.0
analcatdata_apnea2,fmcd,0.5,750,1,2,tauscale,rfch,10,classical,0,0.0,0.0,1.0
analcatdata_apnea2,fmcd,0.5,1000,1,2,tauscale,rfch,10,classical,0,0.0,0.0,1.0
analcatdata_apnea2,fmcd,0.5,500,0,2,tauscale,rfch,10,classical,0,0.0,0.0,1.0
analcatdata_apnea3,fmcd,0.5,500,1,2,tauscale,rfch,10,classical,0,0.0,0.0,1.0
analcatdata_apnea3,ogk,0.5,500,1,2,tauscale,rfch,10,classical,0,0.0,0.0,1.0
analcatdata_apnea3,olivehawkins,0.5,500,1,2,tauscale,rfch,10,classical,0,0.0,0.0,1.0
analcatdata_apnea3,fmcd,0.05,500,1,2,tauscale,rfch,10,classical,0,0.0,0.0,1.0
analcatdata_apnea3,fmcd,0.1,500,1,2,tauscale,rfch,10,classical,0,0.0,0.0,1.0
analcatdata_apnea3,fmcd,0.2,500,1,2,tauscale,rfch,10,classical,0,0.0,0.0,1.0
analcatdata_apnea3,fmcd,0.25,500,1,2,tauscale,rfch,10,classical,0,0.0,0.0,1.0
analcatdata_apnea3,fmcd,0.3,500,1,2,tauscale,rfch,10,classical,0,0.0,0.0,1.0
analcatdata_apnea3,fmcd,0.4,500,1,2,tauscale,rfch,10,classical,0,0.0,0.0,1.0
analcatdata_apnea3,fmcd,0.5,2,1,2,tauscale,rfch,10,classical,0,0.0,0.0,1.0
analcatdata_apnea3,fmcd,0.5,5,1,2,tauscale,rfch,10,classical,0,0.0,0.0,1.0
analcatdata_apnea3,fmcd,0.5,10,1,2,tauscale,rfch,10,classical,0,0.0,0.0,1.0
analcatdata_apnea3,fmcd,0.5,25,1,2,tauscale,rfch,10,classical,0,0.0,0.0,1.0
analcatdata_apnea3,fmcd,0.5,50,1,2,tauscale,rfch,10,classical,0,0.0,0.0,1.0
analcatdata_apnea3,fmcd,0.5,100,1,2,tauscale,rfch,10,classical,0,0.0,0.0,1.0
analcatdata_apnea3,fmcd,0.5,250,1,2,tauscale,rfch,10,classical,0,0.0,0.0,1.0
analcatdata_apnea3,fmcd,0.5,750,1,2,tauscale,rfch,10,classical,0,0.0,0.0,1.0
analcatdata_apnea3,fmcd,0.5,1000,1,2,tauscale,rfch,10,classical,0,0.0,0.0,1.0
analcatdata_apnea3,fmcd,0.5,500,0,2,tauscale,rfch,10,classical,0,0.0,0.0,1.0
analcatdata_challenger,fmcd,0.5,500,1,2,tauscale,rfch,10,classical,0,0.0,0.0,1.0
analcatdata_challenger,ogk,0.5,500,1,2,tauscale,rfch,10,classical,0,0.0,0.0,1.0
analcatdata_challenger,olivehawkins,0.5,500,1,2,tauscale,rfch,10,classical,0,0.0,0.0,1.0
analcatdata_challenger,fmcd,0.05,500,1,2,tauscale,rfch,10,classical,0,0.0,0.0,1.0
analcatdata_challenger,fmcd,0.1,500,1,2,tauscale,rfch,10,classical,0,0.0,0.0,1.0
analcatdata_challenger,fmcd,0.2,500,1,2,tauscale,rfch,10,classical,0,0.0,0.0,1.0
analcatdata_challenger,fmcd,0.25,500,1,2,tauscale,rfch,10,classical,0,0.0,0.0,1.0
analcatdata_challenger,fmcd,0.3,500,1,2,tauscale,rfch,10,classical,0,0.0,0.0,1.0
analcatdata_challenger,fmcd,0.4,500,1,2,tauscale,rfch,10,classical,0,0.0,0.0,1.0
analcatdata_challenger,fmcd,0.5,2,1,2,tauscale,rfch,10,classical,0,0.0,0.0,1.0
analcatdata_challenger,fmcd,0.5,5,1,2,tauscale,rfch,10,classical,0,0.0,0.0,1.0
analcatdata_challenger,fmcd,0.5,10,1,2,tauscale,rfch,10,classical,0,0.0,0.0,1.0
analcatdata_challenger,fmcd,0.5,25,1,2,tauscale,rfch,10,classical,0,0.0,0.0,1.0
analcatdata_challenger,fmcd,0.5,50,1,2,tauscale,rfch,10,classical,0,0.0,0.0,1.0
analcatdata_challenger,fmcd,0.5,100,1,2,tauscale,rfch,10,classical,0,0.0,0.0,1.0
analcatdata_challenger,fmcd,0.5,250,1,2,tauscale,rfch,10,classical,0,0.0,0.0,1.0
analcatdata_challenger,fmcd,0.5,750,1,2,tauscale,rfch,10,classical,0,0.0,0.0,1.0
analcatdata_challenger,fmcd,0.5,1000,1,2,tauscale,rfch,10,classical,0,0.0,0.0,1.0
analcatdata_challenger,fmcd,0.5,500,0,2,tauscale,rfch,10,classical,0,0.0,0.0,1.0
analcatdata_chlamydia,fmcd,0.5,500,1,2,tauscale,rfch,10,classical,0,0.0,0.0,1.0
analcatdata_chlamydia,ogk,0.5,500,1,2,tauscale,rfch,10,classical,0,0.0,0.0,1.0
analcatdata_chlamydia,olivehawkins,0.5,500,1,2,tauscale,rfch,10,classical,0,0.0,0.0,1.0
analcatdata_chlamydia,fmcd,0.05,500,1,2,tauscale,rfch,10,classical,0,0.0,0.0,1.0
analcatdata_chlamydia,fmcd,0.1,500,1,2,tauscale,rfch,10,classical,0,0.0,0.0,1.0
analcatdata_chlamydia,fmcd,0.2,500,1,2,tauscale,rfch,10,classical,0,0.0,0.0,1.0
analcatdata_chlamydia,fmcd,0.25,500,1,2,tauscale,rfch,10,classical,0,0.0,0.0,1.0
analcatdata_chlamydia,fmcd,0.3,500,1,2,tauscale,rfch,10,classical,0,0.0,0.0,1.0
analcatdata_chlamydia,fmcd,0.4,500,1,2,tauscale,rfch,10,classical,0,0.0,0.0,1.0
analcatdata_chlamydia,fmcd,0.5,2,1,2,tauscale,rfch,10,classical,0,0.0,0.0,1.0
analcatdata_chlamydia,fmcd,0.5,5,1,2,tauscale,rfch,10,classical,0,0.0,0.0,1.0
analcatdata_chlamydia,fmcd,0.5,10,1,2,tauscale,rfch,10,classical,0,0.0,0.0,1.0
analcatdata_chlamydia,fmcd,0.5,25,1,2,tauscale,rfch,10,classical,0,0.0,0.0,1.0
analcatdata_chlamydia,fmcd,0.5,50,1,2,tauscale,rfch,10,classical,0,0.0,0.0,1.0
analcatdata_chlamydia,fmcd,0.5,100,1,2,tauscale,rfch,10,classical,0,0.0,0.0,1.0
analcatdata_chlamydia,fmcd,0.5,250,1,2,tauscale,rfch,10,classical,0,0.0,0.0,1.0
analcatdata_chlamydia,fmcd,0.5,750,1,2,tauscale,rfch,10,classical,0,0.0,0.0,1.0
analcatdata_chlamydia,fmcd,0.5,1000,1,2,tauscale,rfch,10,classical,0,0.0,0.0,1.0
analcatdata_chlamydia,fmcd,0.5,500,0,2,tauscale,rfch,10,classical,0,0.0,0.0,1.0
analcatdata_lawsuit,fmcd,0.5,500,1,2,tauscale,rfch,10,classical,0,0.0,0.0,1.0
analcatdata_lawsuit,ogk,0.5,500,1,2,tauscale,rfch,10,classical,0,0.2333333333333333,0.0,1.0
analcatdata_lawsuit,olivehawkins,0.5,500,1,2,tauscale,rfch,10,classical,0,0.1702127659574468,0.0,1.0
analcatdata_lawsuit,fmcd,0.05,500,1,2,tauscale,rfch,10,classical,0,0.0,0.0,1.0
analcatdata_lawsuit,fmcd,0.1,500,1,2,tauscale,rfch,10,classical,0,0.0,0.0,1.0
analcatdata_lawsuit,fmcd,0.2,500,1,2,tauscale,rfch,10,classical,0,0.0,0.0,1.0
analcatdata_lawsuit,fmcd,0.25,500,1,2,tauscale,rfch,10,classical,0,0.0,0.0,1.0
analcatdata_lawsuit,fmcd,0.3,500,1,2,tauscale,rfch,10,classical,0,0.0,0.0,1.0
analcatdata_lawsuit,fmcd,0.4,500,1,2,tauscale,rfch,10,classical,0,0.0,0.0,1.0
analcatdata_lawsuit,fmcd,0.5,2,1,2,tauscale,rfch,10,classical,0,0.0,0.0,1.0
analcatdata_lawsuit,fmcd,0.5,5,1,2,tauscale,rfch,10,classical,0,0.0,0.0,1.0
analcatdata_lawsuit,fmcd,0.5,10,1,2,tauscale,rfch,10,classical,0,0.0,0.0,1.0
analcatdata_lawsuit,fmcd,0.5,25,1,2,tauscale,rfch,10,classical,0,0.0,0.0,1.0
analcatdata_lawsuit,fmcd,0.5,50,1,2,tauscale,rfch,10,classical,0,0.0,0.0,1.0
analcatdata_lawsuit,fmcd,0.5,100,1,2,tauscale,rfch,10,classical,0,0.0,0.0,1.0
analcatdata_lawsuit,fmcd,0.5,250,1,2,tauscale,rfch,10,classical,0,0.0,0.0,1.0
analcatdata_lawsuit,fmcd,0.5,750,1,2,tauscale,rfch,10,classical,0,0.0,0.0,1.0
analcatdata_lawsuit,fmcd,0.5,1000,1,2,tauscale,rfch,10,classical,0,0.0,0.0,1.0
analcatdata_lawsuit,fmcd,0.5,500,0,2,tauscale,rfch,10,classical,0,0.0,0.0,1.0
analcatdata_neavote,fmcd,0.5,500,1,2,tauscale,rfch,10,classical,0,0.0,0.0,1.0
analcatdata_neavote,ogk,0.5,500,1,2,tauscale,rfch,10,classical,0,0.0,0.0,1.0
analcatdata_neavote,olivehawkins,0.5,500,1,2,tauscale,rfch,10,classical,0,0.0,0.0,1.0
analcatdata_neavote,fmcd,0.05,500,1,2,tauscale,rfch,10,classical,0,0.0,0.0,1.0
analcatdata_neavote,fmcd,0.1,500,1,2,tauscale,rfch,10,classical,0,0.0,0.0,1.0
analcatdata_neavote,fmcd,0.2,500,1,2,tauscale,rfch,10,classical,0,0.0,0.0,1.0
analcatdata_neavote,fmcd,0.25,500,1,2,tauscale,rfch,10,classical,0,0.0,0.0,1.0
analcatdata_neavote,fmcd,0.3,500,1,2,tauscale,rfch,10,classical,0,0.0,0.0,1.0
analcatdata_neavote,fmcd,0.4,500,1,2,tauscale,rfch,10,classical,0,0.0,0.0,1.0
analcatdata_neavote,fmcd,0.5,2,1,2,tauscale,rfch,10,classical,0,0.0,0.0,1.0
analcatdata_neavote,fmcd,0.5,5,1,2,tauscale,rfch,10,classical,0,0.0,0.0,1.0
analcatdata_neavote,fmcd,0.5,10,1,2,tauscale,rfch,10,classical,0,0.0,0.0,1.0
analcatdata_neavote,fmcd,0.5,25,1,2,tauscale,rfch,10,classical,0,0.0,0.0,1.0
analcatdata_neavote,fmcd,0.5,50,1,2,tauscale,rfch,10,classical,0,0.0,0.0,1.0
analcatdata_neavote,fmcd,0.5,100,1,2,tauscale,rfch,10,classical,0,0.0,0.0,1.0
analcatdata_neavote,fmcd,0.5,250,1,2,tauscale,rfch,10,classical,0,0.0,0.0,1.0
analcatdata_neavote,fmcd,0.5,750,1,2,tauscale,rfch,10,classical,0,0.0,0.0,1.0
analcatdata_neavote,fmcd,0.5,1000,1,2,tauscale,rfch,10,classical,0,0.0,0.0,1.0
analcatdata_neavote,fmcd,0.5,500,0,2,tauscale,rfch,10,classical,0,0.0,0.0,1.0
annthyroid,fmcd,0.5,500,1,2,tauscale,rfch,10,classical,0,0.39292893407556323,0.0,0.9994223843986614
annthyroid,ogk,0.5,500,1,2,tauscale,rfch,10,classical,0,0.3698060941828255,0.0,1.0
annthyroid,olivehawkins,0.5,500,1,2,tauscale,rfch,10,classical,0,0.4144222415291051,0.0,1.0
annthyroid,fmcd,0.05,500,1,2,tauscale,rfch,10,classical,0,0.4480088495575221,0.0,1.0
annthyroid,fmcd,0.1,500,1,2,tauscale,rfch,10,classical,0,0.4468864468864469,0.0,1.0
annthyroid,fmcd,0.2,500,1,2,tauscale,rfch,10,classical,0,0.44177820267686413,0.0,0.9997521688576891
annthyroid,fmcd,0.25,500,1,2,tauscale,rfch,10,classical,0,0.4425965229612726,0.00017326017903542405,0.999471190527161
annthyroid,fmcd,0.3,500,1,2,tauscale,rfch,10,classical,0,0.4317503200560927,0.00022296544035669836,0.9991850906763258
annthyroid,fmcd,0.4,500,1,2,tauscale,rfch,10,classical,0,0.414307569654443,0.0017253406658900748,0.997205896763234
annthyroid,fmcd,0.5,2,1,2,tauscale,rfch,10,classical,0,0.3929133858267716,0.0,1.0
annthyroid,fmcd,0.5,5,1,2,tauscale,rfch,10,classical,0,0.3931611585868975,0.0005909001378767086,0.9987419725207309
annthyroid,fmcd,0.5,10,1,2,tauscale,rfch,10,classical,0,0.393006309765083,0.0,0.9993838262900347
annthyroid,fmcd,0.5,25,1,2,tauscale,rfch,10,classical,0,0.3930527717342387,0.0004432405811376229,0.9991912720056706
annthyroid,fmcd,0.5,50,1,2,tauscale,rfch,10,classical,0,0.39302177267943034,0.00029542097488924525,0.9992939279746774
annthyroid,fmcd,0.5,100,1,2,tauscale,rfch,10,classical,0,0.393006309765083,0.0,0.9993838262900347
annthyroid,fmcd,0.5,250,1,2,tauscale,rfch,10,classical,0,0.3930992337033944,0.0005909001378767086,0.9990757394350522
annthyroid,fmcd,0.5,750,1,2,tauscale,rfch,10,classical,0,0.3929598477959273,0.0,0.9996534022881447
annthyroid,fmcd,0.5,1000,1,2,tauscale,rfch,10,classical,0,0.393130196145146,0.0005909001378767086,0.9988189866657061
annthyroid,fmcd,0.5,500,0,2,tauscale,rfch,10,classical,0,0.3930991482825419,0.00034462629801517385,0.9994094166749786
appendicitis,fmcd,0.5,500,1,2,tauscale,rfch,10,classical,0,0.45714285714285713,0.0,0.8710014574676228
appendicitis,ogk,0.5,500,1,2,tauscale,rfch,10,classical,0,0.44117647058823534,0.0,1.0
appendicitis,olivehawkins,0.5,500,1,2,tauscale,rfch,10,classical,0,0.5161290322580647,0.0,1.0
appendicitis,fmcd,0.05,500,1,2,tauscale,rfch,10,classical,0,0.33333333333333337,0.0,1.0
appendicitis,fmcd,0.1,500,1,2,tauscale,rfch,10,classical,0,0.32558139534883723,0.0,1.0
appendicitis,fmcd,0.2,500,1,2,tauscale,rfch,10,classical,0,0.32790697674418606,0.008849557522123911,0.9799794938211646
appendicitis,fmcd,0.25,500,1,2,tauscale,rfch,10,classical,0,0.5490196078431373,0.0,1.0
appendicitis,fmcd,0.3,500,1,2,tauscale,rfch,10,classical,0,0.5479638009049774,0.0,0.992221872800515
appendicitis,fmcd,0.4,500,1,2,tauscale,rfch,10,classical,0,0.5254644808743171,0.0,0.9286540737509023
appendicitis,fmcd,0.5,2,1,2,tauscale,rfch,10,classical,0,0.45275362318840584,0.0,0.8155117922156716
appendicitis,fmcd,0.5,5,1,2,tauscale,rfch,10,classical,0,0.44919254658385094,0.018685121107266438,0.8222760133254736
appendicitis,fmcd,0.5,10,1,2,tauscale,rfch,10,classical,0,0.4584679089026915,0.0,0.8357336406371367
appendicitis,fmcd,0.5,25,1,2,tauscale,rfch,10,classical,0,0.4578053830227743,0.0,0.839430999638608
appendicitis,fmcd,0.5,50,1,2,tauscale,rfch,10,classical,0,0.4584679089026915,0.0,0.8021904560919286
appendicitis,fmcd,0.5,100,1,2,tauscale,rfch,10,classical,0,0.4578053830227743,0.0,0.8174840202740087
appendicitis,fmcd,0.5,250,1,2,tauscale,rfch,10,classical,0,0.4578053830227743,0.0,0.8500371189607185
appendicitis,fmcd,0.5,750,1,2,tauscale,rfch,10,classical,0,0.4584679089026915,0.0,0.8933002883532691
appendicitis,fmcd,0.5,1000,1,2,tauscale,rfch,10,classical,0,0.45714285714285713,0.0,0.896175021488305
appendicitis,fmcd,0.5,500,0,2,tauscale,rfch,10,classical,0,0.45714285714285713,0.0,0.8560506605619389
ar1,fmcd,0.5,500,1,2,tauscale,rfch,10,classical,0,0.0,0.0,1.0
ar1,ogk,0.5,500,1,2,tauscale,rfch,10,classical,0,0.0,0.0,1.0
ar1,olivehawkins,0.5,500,1,2,tauscale,rfch,10,classical,0,0.0,0.0,1.0
ar1,fmcd,0.05,500,1,2,tauscale,rfch,10,classical,0,0.0,0.0,1.0
ar1,fmcd,0.1,500,1,2,tauscale,rfch,10,classical,0,0.0,0.0,1.0
ar1,fmcd,0.2,500,1,2,tauscale,rfch,10,classical,0,0.0,0.0,1.0
ar1,fmcd,0.25,500,1,2,tauscale,rfch,10,classical,0,0.0,0.0,1.0
ar1,fmcd,0.3,500,1,2,tauscale,rfch,10,classical,0,0.0,0.0,1.0
ar1,fmcd,0.4,500,1,2,tauscale,rfch,10,classical,0,0.0,0.0,1.0
ar1,fmcd,0.5,2,1,2,tauscale,rfch,10,classical,0,0.0,0.0,1.0
ar1,fmcd,0.5,5,1,2,tauscale,rfch,10,classical,0,0.0,0.0,1.0
ar1,fmcd,0.5,10,1,2,tauscale,rfch,10,classical,0,0.0,0.0,1.0
ar1,fmcd,0.5,25,1,2,tauscale,rfch,10,classical,0,0.0,0.0,1.0
ar1,fmcd,0.5,50,1,2,tauscale,rfch,10,classical,0,0.0,0.0,1.0
ar1,fmcd,0.5,100,1,2,tauscale,rfch,10,classical,0,0.0,0.0,1.0
ar1,fmcd,0.5,250,1,2,tauscale,rfch,10,classical,0,0.0,0.0,1.0
ar1,fmcd,0.5,750,1,2,tauscale,rfch,10,classical,0,0.0,0.0,1.0
ar1,fmcd,0.5,1000,1,2,tauscale,rfch,10,classical,0,0.0,0.0,1.0
ar1,fmcd,0.5,500,0,2,tauscale,rfch,10,classical,0,0.0,0.0,1.0
ar3,fmcd,0.5,500,1,2,tauscale,rfch,10,classical,0,0.0,0.0,1.0
ar3,ogk,0.5,500,1,2,tauscale,rfch,10,classical,0,0.0,0.0,1.0
ar3,olivehawkins,0.5,500,1,2,tauscale,rfch,10,classical,0,0.0,0.0,1.0
ar3,fmcd,0.05,500,1,2,tauscale,rfch,10,classical,0,0.0,0.0,1.0
ar3,fmcd,0.1,500,1,2,tauscale,rfch,10,classical,0,0.0,0.0,1.0
ar3,fmcd,0.2,500,1,2,tauscale,rfch,10,classical,0,0.0,0.0,1.0
ar3,fmcd,0.25,500,1,2,tauscale,rfch,10,classical,0,0.0,0.0,1.0
ar3,fmcd,0.3,500,1,2,tauscale,rfch,10,classical,0,0.0,0.0,1.0
ar3,fmcd,0.4,500,1,2,tauscale,rfch,10,classical,0,0.0,0.0,1.0
ar3,fmcd,0.5,2,1,2,tauscale,rfch,10,classical,0,0.0,0.0,1.0
ar3,fmcd,0.5,5,1,2,tauscale,rfch,10,classical,0,0.0,0.0,1.0
ar3,fmcd,0.5,10,1,2,tauscale,rfch,10,classical,0,0.0,0.0,1.0
ar3,fmcd,0.5,25,1,2,tauscale,rfch,10,classical,0,0.0,0.0,1.0
ar3,fmcd,0.5,50,1,2,tauscale,rfch,10,classical,0,0.0,0.0,1.0
ar3,fmcd,0.5,100,1,2,tauscale,rfch,10,classical,0,0.0,0.0,1.0
ar3,fmcd,0.5,250,1,2,tauscale,rfch,10,classical,0,0.0,0.0,1.0
ar3,fmcd,0.5,750,1,2,tauscale,rfch,10,classical,0,0.0,0.0,1.0
ar3,fmcd,0.5,1000,1,2,tauscale,rfch,10,classical,0,0.0,0.0,1.0
ar3,fmcd,0.5,500,0,2,tauscale,rfch,10,classical,0,0.0,0.0,1.0
ar4,fmcd,0.5,500,1,2,tauscale,rfch,10,classical,0,0.0,0.0,1.0
ar4,ogk,0.5,500,1,2,tauscale,rfch,10,classical,0,0.0,0.0,1.0
ar4,olivehawkins,0.5,500,1,2,tauscale,rfch,10,classical,0,0.0,0.0,1.0
ar4,fmcd,0.05,500,1,2,tauscale,rfch,10,classical,0,0.0,0.0,1.0
ar4,fmcd,0.1,500,1,2,tauscale,rfch,10,classical,0,0.0,0.0,1.0
ar4,fmcd,0.2,500,1,2,tauscale,rfch,10,classical,0,0.0,0.0,1.0
ar4,fmcd,0.25,500,1,2,tauscale,rfch,10,classical,0,0.0,0.0,1.0
ar4,fmcd,0.3,500,1,2,tauscale,rfch,10,classical,0,0.0,0.0,1.0
ar4,fmcd,0.4,500,1,2,tauscale,rfch,10,classical,0,0.0,0.0,1.0
ar4,fmcd,0.5,2,1,2,tauscale,rfch,10,classical,0,0.0,0.0,1.0
ar4,fmcd,0.5,5,1,2,tauscale,rfch,10,classical,0,0.0,0.0,1.0
ar4,fmcd,0.5,10,1,2,tauscale,rfch,10,classical,0,0.0,0.0,1.0
ar4,fmcd,0.5,25,1,2,tauscale,rfch,10,classical,0,0.0,0.0,1.0
ar4,fmcd,0.5,50,1,2,tauscale,rfch,10,classical,0,0.0,0.0,1.0
ar4,fmcd,0.5,100,1,2,tauscale,rfch,10,classical,0,0.0,0.0,1.0
ar4,fmcd,0.5,250,1,2,tauscale,rfch,10,classical,0,0.0,0.0,1.0
ar4,fmcd,0.5,750,1,2,tauscale,rfch,10,classical,0,0.0,0.0,1.0
ar4,fmcd,0.5,1000,1,2,tauscale,rfch,10,classical,0,0.0,0.0,1.0
ar4,fmcd,0.5,500,0,2,tauscale,rfch,10,classical,0,0.0,0.0,1.0
ar6,fmcd,0.5,500,1,2,tauscale,rfch,10,classical,0,0.0,0.0,1.0
ar6,ogk,0.5,500,1,2,tauscale,rfch,10,classical,0,0.0,0.0,1.0
ar6,olivehawkins,0.5,500,1,2,tauscale,rfch,10,classical,0,0.0,0.0,1.0
ar6,fmcd,0.05,500,1,2,tauscale,rfch,10,classical,0,0.0,0.0,1.0
ar6,fmcd,0.1,500,1,2,tauscale,rfch,10,classical,0,0.0,0.0,1.0
ar6,fmcd,0.2,500,1,2,tauscale,rfch,10,classical,0,0.0,0.0,1.0
ar6,fmcd,0.25,500,1,2,tauscale,rfch,10,classical,0,0.0,0.0,1.0
ar6,fmcd,0.3,500,1,2,tauscale,rfch,10,classical,0,0.0,0.0,1.0
ar6,fmcd,0.4,500,1,2,tauscale,rfch,10,classical,0,0.0,0.0,1.0
ar6,fmcd,0.5,2,1,2,tauscale,rfch,10,classical,0,0.0,0.0,1.0
ar6,fmcd,0.5,5,1,2,tauscale,rfch,10,classical,0,0.0,0.0,1.0
ar6,fmcd,0.5,10,1,2,tauscale,rfch,10,classical,0,0.0,0.0,1.0
ar6,fmcd,0.5,25,1,2,tauscale,rfch,10,classical,0,0.0,0.0,1.0
ar6,fmcd,0.5,50,1,2,tauscale,rfch,10,classical,0,0.0,0.0,1.0
ar6,fmcd,0.5,100,1,2,tauscale,rfch,10,classical,0,0.0,0.0,1.0
ar6,fmcd,0.5,250,1,2,tauscale,rfch,10,classical,0,0.0,0.0,1.0
ar6,fmcd,0.5,750,1,2,tauscale,rfch,10,classical,0,0.0,0.0,1.0
ar6,fmcd,0.5,1000,1,2,tauscale,rfch,10,classical,0,0.0,0.0,1.0
ar6,fmcd,0.5,500,0,2,tauscale,rfch,10,classical,0,0.0,0.0,1.0
arsenic-female-bladder,fmcd,0.5,500,1,2,tauscale,rfch,10,classical,0,0.26794258373205737,0.0,1.0
arsenic-female-bladder,ogk,0.5,500,1,2,tauscale,rfch,10,classical,0,0.28220858895705525,0.0,1.0
arsenic-female-bladder,olivehawkins,0.5,500,1,2,tauscale,rfch,10,classical,0,0.2736842105263157,0.0,1.0
arsenic-female-bladder,fmcd,0.05,500,1,2,tauscale,rfch,10,classical,0,0.2519685039370078,0.0,1.0
arsenic-female-bladder,fmcd,0.1,500,1,2,tauscale,rfch,10,classical,0,0.2748091603053435,0.0,1.0
arsenic-female-bladder,fmcd,0.2,500,1,2,tauscale,rfch,10,classical,0,0.24000000000000005,0.0,1.0
arsenic-female-bladder,fmcd,0.25,500,1,2,tauscale,rfch,10,classical,0,0.28220858895705525,0.0,1.0
arsenic-female-bladder,fmcd,0.3,500,1,2,tauscale,rfch,10,classical,0,0.27863993025283335,0.0,0.9949709257537914
arsenic-female-bladder,fmcd,0.4,500,1,2,tauscale,rfch,10,classical,0,0.28633978343084865,0.027118644067796637,0.9847603892381576
arsenic-female-bladder,fmcd,0.5,2,1,2,tauscale,rfch,10,classical,0,0.26794258373205737,0.0,1.0
arsenic-female-bladder,fmcd,0.5,5,1,2,tauscale,rfch,10,classical,0,0.26794258373205737,0.0,1.0
arsenic-female-bladder,fmcd,0.5,10,1,2,tauscale,rfch,10,classical,0,0.26794258373205737,0.0,1.0
arsenic-female-bladder,fmcd,0.5,25,1,2,tauscale,rfch,10,classical,0,0.26794258373205737,0.0,1.0
arsenic-female-bladder,fmcd,0.5,50,1,2,tauscale,rfch,10,classical,0,0.26794258373205737,0.0,1.0
arsenic-female-bladder,fmcd,0.5,100,1,2,tauscale,rfch,10,classical,0,0.26794258373205737,0.0,1.0
arsenic-female-bladder,fmcd,0.5,250,1,2,tauscale,rfch,10,classical,0,0.26794258373205737,0.0,1.0
arsenic-female-bladder,fmcd,0.5,750,1,2,tauscale,rfch,10,classical,0,0.26794258373205737,0.0,1.0
arsenic-female-bladder,fmcd,0.5,1000,1,2,tauscale,rfch,10,classical,0,0.26794258373205737,0.0,1.0
arsenic-female-bladder,fmcd,0.5,500,0,2,tauscale,rfch,10,classical,0,0.2666666666666666,0.0,1.0
arsenic-female-lung,fmcd,0.5,500,1,2,tauscale,rfch,10,classical,0,0.21621621621621617,0.0,1.0
arsenic-female-lung,ogk,0.5,500,1,2,tauscale,rfch,10,classical,0,0.31372549019607854,0.0,1.0
arsenic-female-lung,olivehawkins,0.5,500,1,2,tauscale,rfch,10,classical,0,0.2480620155038759,0.0,1.0
arsenic-female-lung,fmcd,0.05,500,1,2,tauscale,rfch,10,classical,0,0.4545454545454544,0.0,1.0
arsenic-female-lung,fmcd,0.1,500,1,2,tauscale,rfch,10,classical,0,0.4285714285714285,0.0,1.0
arsenic-female-lung,fmcd,0.2,500,1,2,tauscale,rfch,10,classical,0,0.3370786516853932,0.0,1.0
arsenic-female-lung,fmcd,0.25,500,1,2,tauscale,rfch,10,classical,0,0.31251885369532434,0.0,0.9933302082157935
arsenic-female-lung,fmcd,0.3,500,1,2,tauscale,rfch,10,classical,0,0.25600000000000006,0.0,1.0
arsenic-female-lung,fmcd,0.4,500,1,2,tauscale,rfch,10,classical,0,0.2222417409814721,0.0034602076124567267,0.9884501828570353
arsenic-female-lung,fmcd,0.5,2,1,2,tauscale,rfch,10,classical,0,0.21621621621621617,0.0,1.0
arsenic-female-lung,fmcd,0.5,5,1,2,tauscale,rfch,10,classical,0,0.21621621621621617,0.0,1.0
arsenic-female-lung,fmcd,0.5,10,1,2,tauscale,rfch,10,classical,0,0.21621621621621617,0.0,1.0
arsenic-female-lung,fmcd,0.5,25,1,2,tauscale,rfch,10,classical,0,0.21621621621621617,0.0,1.0
arsenic-female-lung,fmcd,0.5,50,1,2,tauscale,rfch,10,classical,0,0.21621621621621617,0.0,1.0
arsenic-female-lung,fmcd,0.5,100,1,2,tauscale,rfch,10,classical,0,0.21621621621621617,0.0,1.0
arsenic-female-lung,fmcd,0.5,250,1,2,tauscale,rfch,10,classical,0,0.21621621621621617,0.0,1.0
arsenic-female-lung,fmcd,0.5,750,1,2,tauscale,rfch,10,classical,0,0.21621621621621617,0.0,1.0
arsenic-female-lung,fmcd,0.5,1000,1,2,tauscale,rfch,10,classical,0,0.21621621621621617,0.0,1.0
arsenic-female-lung,fmcd,0.5,500,0,2,tauscale,rfch,10,classical,0,0.2147651006711409,0.0,1.0
arsenic-male-bladder,fmcd,0.5,500,1,2,tauscale,rfch,10,classical,0,0.18416514240919774,0.012802275960170556,0.9792291644574806
arsenic-male-bladder,ogk,0.5,500,1,2,tauscale,rfch,10,classical,0,0.2545454545454545,0.0,1.0
arsenic-male-bladder,olivehawkins,0.5,500,1,2,tauscale,rfch,10,classical,0,0.2112676056338028,0.0,1.0
arsenic-male-bladder,fmcd,0.05,500,1,2,tauscale,rfch,10,classical,0,0.37333333333333324,0.0,1.0
arsenic-male-bladder,fmcd,0.1,500,1,2,tauscale,rfch,10,classical,0,0.3218390804597701,0.0,1.0
arsenic-male-bladder,fmcd,0.2,500,1,2,tauscale,rfch,10,classical,0,0.2828282828282828,0.0,1.0
arsenic-male-bladder,fmcd,0.25,500,1,2,tauscale,rfch,10,classical,0,0.2553305915849414,0.0,0.9837853486799585
arsenic-male-bladder,fmcd,0.3,500,1,2,tauscale,rfch,10,classical,0,0.2205882352941176,0.0,1.0
arsenic-male-bladder,fmcd,0.4,500,1,2,tauscale,rfch,10,classical,0,0.1969403687027602,0.0,0.9894004195634707
arsenic-male-bladder,fmcd,0.5,2,1,2,tauscale,rfch,10,classical,0,0.18488901423783022,0.002172338884865997,0.9856143270845876
arsenic-male-bladder,fmcd,0.5,5,1,2,tauscale,rfch,10,classical,0,0.1860465116279069,0.0,1.0
arsenic-male-bladder,fmcd,0.5,10,1,2,tauscale,rfch,10,classical,0,0.1860465116279069,0.0,1.0
arsenic-male-bladder,fmcd,0.5,25,1,2,tauscale,rfch,10,classical,0,0.1860465116279069,0.0,1.0
arsenic-male-bladder,fmcd,0.5,50,1,2,tauscale,rfch,10,classical,0,0.1860465116279069,0.0,1.0
arsenic-male-bladder,fmcd,0.5,100,1,2,tauscale,rfch,10,classical,0,0.1854193885550038,0.0,0.9910982133389203
arsenic-male-bladder,fmcd,0.5,250,1,2,tauscale,rfch,10,classical,0,0.18353801933629468,0.01714285714285693,0.9762619022371208
arsenic-male-bladder,fmcd,0.5,750,1,2,tauscale,rfch,10,classical,0,0.18479226548210076,0.0,0.9841746014914138
arsenic-male-bladder,fmcd,0.5,1000,1,2,tauscale,rfch,10,classical,0,0.18353801933629468,0.01714285714285693,0.9762619022371207
arsenic-male-bladder,fmcd,0.5,500,0,2,tauscale,rfch,10,classical,0,0.18416514240919774,0.012802275960170556,0.9792291644574806
arsenic-male-lung,fmcd,0.5,500,1,2,tauscale,rfch,10,classical,0,0.1597500650872168,0.013657056145675188,0.9792291644574806
arsenic-male-lung,ogk,0.5,500,1,2,tauscale,rfch,10,classical,0,0.2626262626262626,0.0,1.0
arsenic-male-lung,olivehawkins,0.5,500,1,2,tauscale,rfch,10,classical,0,0.19847328244274812,0.0,1.0
arsenic-male-lung,fmcd,0.05,500,1,2,tauscale,rfch,10,classical,0,0.40625,0.0,1.0
arsenic-male-lung,fmcd,0.1,500,1,2,tauscale,rfch,10,classical,0,0.3421052631578947,0.0,1.0
arsenic-male-lung,fmcd,0.2,500,1,2,tauscale,rfch,10,classical,0,0.2947979797979798,0.0,0.9960311661219095
arsenic-male-lung,fmcd,0.25,500,1,2,tauscale,rfch,10,classical,0,0.2653061224489796,0.0,1.0
arsenic-male-lung,fmcd,0.3,500,1,2,tauscale,rfch,10,classical,0,0.20800000000000002,0.0,1.0
arsenic-male-lung,fmcd,0.4,500,1,2,tauscale,rfch,10,classical,0,0.18722889561948083,0.014388489208633249,0.9789327609729638
arsenic-male-lung,fmcd,0.5,2,1,2,tauscale,rfch,10,classical,0,0.16179731110936388,0.0,0.966421151518269
arsenic-male-lung,fmcd,0.5,5,1,2,tauscale,rfch,10,classical,0,0.16149068322981358,0.0,1.0
arsenic-male-lung,fmcd,0.5,10,1,2,tauscale,rfch,10,classical,0,0.16149068322981358,0.0,1.0
arsenic-male-lung,fmcd,0.5,25,1,2,tauscale,rfch,10,classical,0,0.16149068322981358,0.0,1.0
arsenic-male-lung,fmcd,0.5,50,1,2,tauscale,rfch,10,classical,0,0.161099190664408,0.0,0.9910849030094342
arsenic-male-lung,fmcd,0.5,100,1,2,tauscale,rfch,10,classical,0,0.16091047718228133,0.0,0.9910982133389206
arsenic-male-lung,fmcd,0.5,250,1,2,tauscale,rfch,10,classical,0,0.15916985903968456,0.018292682926829163,0.9762619022371207
arsenic-male-lung,fmcd,0.5,750,1,2,tauscale,rfch,10,classical,0,0.16033027113474907,0.0,0.9841746014914138
arsenic-male-lung,fmcd,0.5,1000,1,2,tauscale,rfch,10,classical,0,0.15916985903968456,0.018292682926829163,0.9762619022371208
arsenic-male-lung,fmcd,0.5,500,0,2,tauscale,rfch,10,classical,0,0.15907017343275257,0.018292682926829163,0.976082809098367
backache,fmcd,0.5,500,1,2,tauscale,rfch,10,classical,0,0.0,0.0,1.0
backache,ogk,0.5,500,1,2,tauscale,rfch,10,classical,0,0.2921348314606741,0.0,1.0
backache,olivehawkins,0.5,500,1,2,tauscale,rfch,10,classical,0,0.0,0.0,1.0
backache,fmcd,0.05,500,1,2,tauscale,rfch,10,classical,0,0.0,0.0,1.0
backache,fmcd,0.1,500,1,2,tauscale,rfch,10,classical,0,0.0,0.0,1.0
backache,fmcd,0.2,500,1,2,tauscale,rfch,10,classical,0,0.0,0.0,1.0
backache,fmcd,0.25,500,1,2,tauscale,rfch,10,classical,0,0.0,0.0,1.0
backache,fmcd,0.3,500,1,2,tauscale,rfch,10,classical,0,0.0,0.0,1.0
backache,fmcd,0.4,500,1,2,tauscale,rfch,10,classical,0,0.0,0.0,1.0
backache,fmcd,0.5,2,1,2,tauscale,rfch,10,classical,0,0.0,0.0,1.0
backache,fmcd,0.5,5,1,2,tauscale,rfch,10,classical,0,0.0,0.0,1.0
backache,fmcd,0.5,10,1,2,tauscale,rfch,10,classical,0,0.0,0.0,1.0
backache,fmcd,0.5,25,1,2,tauscale,rfch,10,classical,0,0.0,0.0,1.0
backache,fmcd,0.5,50,1,2,tauscale,rfch,10,classical,0,0.0,0.0,1.0
backache,fmcd,0.5,100,1,2,tauscale,rfch,10,classical,0,0.0,0.0,1.0
backache,fmcd,0.5,250,1,2,tauscale,rfch,10,classical,0,0.0,0.0,1.0
backache,fmcd,0.5,750,1,2,tauscale,rfch,10,classical,0,0.0,0.0,1.0
backache,fmcd,0.5,1000,1,2,tauscale,rfch,10,classical,0,0.0,0.0,1.0
backache,fmcd,0.5,500,0,2,tauscale,rfch,10,classical,0,0.0,0.0,1.0
breastw,fmcd,0.5,500,1,2,tauscale,rfch,10,classical,0,0.0,0.0,1.0
breastw,ogk,0.5,500,1,2,tauscale,rfch,10,classical,0,0.6406685236768802,0.0,1.0
breastw,olivehawkins,0.5,500,1,2,tauscale,rfch,10,classical,0,0.0,0.0,1.0
breastw,fmcd,0.05,500,1,2,tauscale,rfch,10,classical,0,0.0,0.0,1.0
breastw,fmcd,0.1,500,1,2,tauscale,rfch,10,classical,0,0.0,0.0,1.0
breastw,fmcd,0.2,500,1,2,tauscale,rfch,10,classical,0,0.0,0.0,1.0
breastw,fmcd,0.25,500,1,2,tauscale,rfch,10,classical,0,0.0,0.0,1.0
breastw,fmcd,0.3,500,1,2,tauscale,rfch,10,classical,0,0.0,0.0,1.0
breastw,fmcd,0.4,500,1,2,tauscale,rfch,10,classical,0,0.0,0.0,1.0
breastw,fmcd,0.5,2,1,2,tauscale,rfch,10,classical,0,0.0,0.0,1.0
breastw,fmcd,0.5,5,1,2,tauscale,rfch,10,classical,0,0.0,0.0,1.0
breastw,fmcd,0.5,10,1,2,tauscale,rfch,10,classical,0,0.0,0.0,1.0
breastw,fmcd,0.5,25,1,2,tauscale,rfch,10,classical,0,0.0,0.0,1.0
breastw,fmcd,0.5,50,1,2,tauscale,rfch,10,classical,0,0.0,0.0,1.0
breastw,fmcd,0.5,100,1,2,tauscale,rfch,10,classical,0,0.0,0.0,1.0
breastw,fmcd,0.5,250,1,2,tauscale,rfch,10,classical,0,0.0,0.0,1.0
breastw,fmcd,0.5,750,1,2,tauscale,rfch,10,classical,0,0.0,0.0,1.0
breastw,fmcd,0.5,1000,1,2,tauscale,rfch,10,classical,0,0.0,0.0,1.0
breastw,fmcd,0.5,500,0,2,tauscale,rfch,10,classical,0,0.0,0.0,1.0
cardio,fmcd,0.5,500,1,2,tauscale,rfch,10,classical,0,0.28778467908902694,0.0,1.0
cardio,ogk,0.5,500,1,2,tauscale,rfch,10,classical,0,0.0,0.0,1.0
cardio,olivehawkins,0.5,500,1,2,tauscale,rfch,10,classical,0,0.0,0.0,1.0
cardio,fmcd,0.05,500,1,2,tauscale,rfch,10,classical,0,0.28778467908902694,0.0,1.0
cardio,fmcd,0.1,500,1,2,tauscale,rfch,10,classical,0,0.28778467908902694,0.0,1.0
cardio,fmcd,0.2,500,1,2,tauscale,rfch,10,classical,0,0.28778467908902694,0.0,1.0
cardio,fmcd,0.25,500,1,2,tauscale,rfch,10,classical,0,0.28778467908902694,0.0,1.0
cardio,fmcd,0.3,500,1,2,tauscale,rfch,10,classical,0,0.28778467908902694,0.0,1.0
cardio,fmcd,0.4,500,1,2,tauscale,rfch,10,classical,0,0.28778467908902694,0.0,1.0
cardio,fmcd,0.5,2,1,2,tauscale,rfch,10,classical,0,0.28778467908902694,0.0,1.0
cardio,fmcd,0.5,5,1,2,tauscale,rfch,10,classical,0,0.28778467908902694,0.0,1.0
cardio,fmcd,0.5,10,1,2,tauscale,rfch,10,classical,0,0.28778467908902694,0.0,1.0
cardio,fmcd,0.5,25,1,2,tauscale,rfch,10,classical,0,0.28778467908902694,0.0,1.0
cardio,fmcd,0.5,50,1,2,tauscale,rfch,10,classical,0,0.28778467908902694,0.0,1.0
cardio,fmcd,0.5,100,1,2,tauscale,rfch,10,classical,0,0.28778467908902694,0.0,1.0
cardio,fmcd,0.5,250,1,2,tauscale,rfch,10,classical,0,0.28778467908902694,0.0,1.0
cardio,fmcd,0.5,750,1,2,tauscale,rfch,10,classical,0,0.28778467908902694,0.0,1.0
cardio,fmcd,0.5,1000,1,2,tauscale,rfch,10,classical,0,0.28778467908902694,0.0,1.0
cardio,fmcd,0.5,500,0,2,tauscale,rfch,10,classical,0,0.28778467908902694,0.0,1.0
climate-model-simulation-crashes,fmcd,0.5,500,1,2,tauscale,rfch,10,classical,0,0.00363636363636363,0.0,0.8
climate-model-simulation-crashes,ogk,0.5,500,1,2,tauscale,rfch,10,classical,0,0.0,0.0,1.0
climate-model-simulation-crashes,olivehawkins,0.5,500,1,2,tauscale,rfch,10,classical,0,0.0,0.0,1.0
climate-model-simulation-crashes,fmcd,0.05,500,1,2,tauscale,rfch,10,classical,0,0.0,0.0,1.0
climate-model-simulation-crashes,fmcd,0.1,500,1,2,tauscale,rfch,10,classical,0,0.0,0.0,1.0
climate-model-simulation-crashes,fmcd,0.2,500,1,2,tauscale,rfch,10,classical,0,0.0,0.0,0.8
climate-model-simulation-crashes,fmcd,0.25,500,1,2,tauscale,rfch,10,classical,0,0.0,0.0,0.8
climate-model-simulation-crashes,fmcd,0.3,500,1,2,tauscale,rfch,10,classical,0,0.0,0.0,0.8
climate-model-simulation-crashes,fmcd,0.4,500,1,2,tauscale,rfch,10,classical,0,0.0135593220338983,0.0,0.4713254078073559
climate-model-simulation-crashes,fmcd,0.5,2,1,2,tauscale,rfch,10,classical,0,0.006703296703296691,0.0,0.3403639649754705
climate-model-simulation-crashes,fmcd,0.5,5,1,2,tauscale,rfch,10,classical,0,0.00338983050847457,0.0,0.4724403545147638
climate-model-simulation-crashes,fmcd,0.5,10,1,2,tauscale,rfch,10,classical,0,0.02641325536062377,1.0,0.46886477046515423
climate-model-simulation-crashes,fmcd,0.5,25,1,2,tauscale,rfch,10,classical,0,0.019090909090909092,0.0,0.6253810514278665
climate-model-simulation-crashes,fmcd,0.5,50,1,2,tauscale,rfch,10,classical,0,0.0038461538461538403,0.0,0.8
climate-model-simulation-crashes,fmcd,0.5,100,1,2,tauscale,rfch,10,classical,0,0.008219178082191771,0.0,0.6221466311419698
climate-model-simulation-crashes,fmcd,0.5,250,1,2,tauscale,rfch,10,classical,0,0.01014888337468981,1.0,0.3450026715061387
climate-model-simulation-crashes,fmcd,0.5,750,1,2,tauscale,rfch,10,classical,0,0.0035087719298245597,0.0,0.6220309855859024
climate-model-simulation-crashes,fmcd,0.5,1000,1,2,tauscale,rfch,10,classical,0,0.0,0.0,0.6275916859682635
climate-model-simulation-crashes,fmcd,0.5,500,0,2,tauscale,rfch,10,classical,0,0.0,0.0,0.8
datatrieve,fmcd,0.5,500,1,2,tauscale,rfch,10,classical,0,0.0,0.0,1.0
datatrieve,ogk,0.5,500,1,2,tauscale,rfch,10,classical,0,0.0,0.0,1.0
datatrieve,olivehawkins,0.5,500,1,2,tauscale,rfch,10,classical,0,0.0,0.0,1.0
datatrieve,fmcd,0.05,500,1,2,tauscale,rfch,10,classical,0,0.0,0.0,1.0
datatrieve,fmcd,0.1,500,1,2,tauscale,rfch,10,classical,0,0.0,0.0,1.0
datatrieve,fmcd,0.2,500,1,2,tauscale,rfch,10,classical,0,0.0,0.0,1.0
datatrieve,fmcd,0.25,500,1,2,tauscale,rfch,10,classical,0,0.0,0.0,1.0
datatrieve,fmcd,0.3,500,1,2,tauscale,rfch,10,classical,0,0.0,0.0,1.0
datatrieve,fmcd,0.4,500,1,2,tauscale,rfch,10,classical,0,0.0,0.0,1.0
datatrieve,fmcd,0.5,2,1,2,tauscale,rfch,10,classical,0,0.0,0.0,1.0
datatrieve,fmcd,0.5,5,1,2,tauscale,rfch,10,classical,0,0.0,0.0,1.0
datatrieve,fmcd,0.5,10,1,2,tauscale,rfch,10,classical,0,0.0,0.0,1.0
datatrieve,fmcd,0.5,25,1,2,tauscale,rfch,10,classical,0,0.0,0.0,1.0
datatrieve,fmcd,0.5,50,1,2,tauscale,rfch,10,classical,0,0.0,0.0,1.0
datatrieve,fmcd,0.5,100,1,2,tauscale,rfch,10,classical,0,0.0,0.0,1.0
datatrieve,fmcd,0.5,250,1,2,tauscale,rfch,10,classical,0,0.0,0.0,1.0
datatrieve,fmcd,0.5,750,1,2,tauscale,rfch,10,classical,0,0.0,0.0,1.0
datatrieve,fmcd,0.5,1000,1,2,tauscale,rfch,10,classical,0,0.0,0.0,1.0
datatrieve,fmcd,0.5,500,0,2,tauscale,rfch,10,classical,0,0.0,0.0,1.0
fertility,fmcd,0.5,500,1,2,tauscale,rfch,10,classical,0,0.0,0.0,1.0
fertility,ogk,0.5,500,1,2,tauscale,rfch,10,classical,0,0.1538461538461538,0.0,1.0
fertility,olivehawkins,0.5,500,1,2,tauscale,rfch,10,classical,0,0.0,0.0,1.0
fertility,fmcd,0.05,500,1,2,tauscale,rfch,10,classical,0,0.0,0.0,1.0
fertility,fmcd,0.1,500,1,2,tauscale,rfch,10,classical,0,0.0,0.0,1.0
fertility,fmcd,0.2,500,1,2,tauscale,rfch,10,classical,0,0.0,0.0,1.0
fertility,fmcd,0.25,500,1,2,tauscale,rfch,10,classical,0,0.0,0.0,1.0
fertility,fmcd,0.3,500,1,2,tauscale,rfch,10,classical,0,0.0,0.0,1.0
fertility,fmcd,0.4,500,1,2,tauscale,rfch,10,classical,0,0.0,0.0,1.0
fertility,fmcd,0.5,2,1,2,tauscale,rfch,10,classical,0,0.0,0.0,1.0
fertility,fmcd,0.5,5,1,2,tauscale,rfch,10,classical,0,0.0,0.0,1.0
fertility,fmcd,0.5,10,1,2,tauscale,rfch,10,classical,0,0.0,0.0,1.0
fertility,fmcd,0.5,25,1,2,tauscale,rfch,10,classical,0,0.0,0.0,1.0
fertility,fmcd,0.5,50,1,2,tauscale,rfch,10,classical,0,0.0,0.0,1.0
fertility,fmcd,0.5,100,1,2,tauscale,rfch,10,classical,0,0.0,0.0,1.0
fertility,fmcd,0.5,250,1,2,tauscale,rfch,10,classical,0,0.0,0.0,1.0
fertility,fmcd,0.5,750,1,2,tauscale,rfch,10,classical,0,0.0,0.0,1.0
fertility,fmcd,0.5,1000,1,2,tauscale,rfch,10,classical,0,0.0,0.0,1.0
fertility,fmcd,0.5,500,0,2,tauscale,rfch,10,classical,0,0.0,0.0,1.0
flare,fmcd,0.5,500,1,2,tauscale,rfch,10,classical,0,0.0,0.0,1.0
flare,ogk,0.5,500,1,2,tauscale,rfch,10,classical,0,0.0,0.0,1.0
flare,olivehawkins,0.5,500,1,2,tauscale,rfch,10,classical,0,0.0,0.0,1.0
flare,fmcd,0.05,500,1,2,tauscale,rfch,10,classical,0,0.0,0.0,1.0
flare,fmcd,0.1,500,1,2,tauscale,rfch,10,classical,0,0.0,0.0,1.0
flare,fmcd,0.2,500,1,2,tauscale,rfch,10,classical,0,0.0,0.0,1.0
flare,fmcd,0.25,500,1,2,tauscale,rfch,10,classical,0,0.0,0.0,1.0
flare,fmcd,0.3,500,1,2,tauscale,rfch,10,classical,0,0.0,0.0,1.0
flare,fmcd,0.4,500,1,2,tauscale,rfch,10,classical,0,0.0,0.0,1.0
flare,fmcd,0.5,2,1,2,tauscale,rfch,10,classical,0,0.0,0.0,1.0
flare,fmcd,0.5,5,1,2,tauscale,rfch,10,classical,0,0.0,0.0,1.0
flare,fmcd,0.5,10,1,2,tauscale,rfch,10,classical,0,0.0,0.0,1.0
flare,fmcd,0.5,25,1,2,tauscale,rfch,10,classical,0,0.0,0.0,1.0
flare,fmcd,0.5,50,1,2,tauscale,rfch,10,classical,0,0.0,0.0,1.0
flare,fmcd,0.5,100,1,2,tauscale,rfch,10,classical,0,0.0,0.0,1.0
flare,fmcd,0.5,250,1,2,tauscale,rfch,10,classical,0,0.0,0.0,1.0
flare,fmcd,0.5,750,1,2,tauscale,rfch,10,classical,0,0.0,0.0,1.0
flare,fmcd,0.5,1000,1,2,tauscale,rfch,10,classical,0,0.0,0.0,1.0
flare,fmcd,0.5,500,0,2,tauscale,rfch,10,classical,0,0.0,0.0,1.0
glass,fmcd,0.5,500,1,2,tauscale,rfch,10,classical,0,0.0,0.0,1.0
glass,ogk,0.5,500,1,2,tauscale,rfch,10,classical,0,0.1894736842105263,0.0,1.0
glass,olivehawkins,0.5,500,1,2,tauscale,rfch,10,classical,0,0.0,0.0,1.0
glass,fmcd,0.05,500,1,2,tauscale,rfch,10,classical,0,0.0,0.0,1.0
glass,fmcd,0.1,500,1,2,tauscale,rfch,10,classical,0,0.0,0.0,1.0
glass,fmcd,0.2,500,1,2,tauscale,rfch,10,classical,0,0.0,0.0,1.0
glass,fmcd,0.25,500,1,2,tauscale,rfch,10,classical,0,0.0,0.0,1.0
glass,fmcd,0.3,500,1,2,tauscale,rfch,10,classical,0,0.0,0.0,1.0
glass,fmcd,0.4,500,1,2,tauscale,rfch,10,classical,0,0.0,0.0,1.0
glass,fmcd,0.5,2,1,2,tauscale,rfch,10,classical,0,0.0,0.0,1.0
glass,fmcd,0.5,5,1,2,tauscale,rfch,10,classical,0,0.0,0.0,1.0
glass,fmcd,0.5,10,1,2,tauscale,rfch,10,classical,0,0.0,0.0,1.0
glass,fmcd,0.5,25,1,2,tauscale,rfch,10,classical,0,0.0,0.0,1.0
glass,fmcd,0.5,50,1,2,tauscale,rfch,10,classical,0,0.0,0.0,1.0
glass,fmcd,0.5,100,1,2,tauscale,rfch,10,classical,0,0.0,0.0,1.0
glass,fmcd,0.5,250,1,2,tauscale,rfch,10,classical,0,0.0,0.0,1.0
glass,fmcd,0.5,750,1,2,tauscale,rfch,10,classical,0,0.0,0.0,1.0
glass,fmcd,0.5,1000,1,2,tauscale,rfch,10,classical,0,0.0,0.0,1.0
glass,fmcd,0.5,500,0,2,tauscale,rfch,10,classical,0,0.0,0.0,1.0
ionosphere,fmcd,0.5,500,1,2,tauscale,rfch,10,classical,0,0.0,0.0,1.0
ionosphere,ogk,0.5,500,1,2,tauscale,rfch,10,classical,0,0.7323076923076923,0.0,1.0
ionosphere,olivehawkins,0.5,500,1,2,tauscale,rfch,10,classical,0,0.0,0.0,1.0
ionosphere,fmcd,0.05,500,1,2,tauscale,rfch,10,classical,0,0.0,0.0,1.0
ionosphere,fmcd,0.1,500,1,2,tauscale,rfch,10,classical,0,0.0,0.0,1.0
ionosphere,fmcd,0.2,500,1,2,tauscale,rfch,10,classical,0,0.0,0.0,1.0
ionosphere,fmcd,0.25,500,1,2,tauscale,rfch,10,classical,0,0.0,0.0,1.0
ionosphere,fmcd,0.3,500,1,2,tauscale,rfch,10,classical,0,0.0,0.0,1.0
ionosphere,fmcd,0.4,500,1,2,tauscale,rfch,10,classical,0,0.0,0.0,1.0
ionosphere,fmcd,0.5,2,1,2,tauscale,rfch,10,classical,0,0.0,0.0,1.0
ionosphere,fmcd,0.5,5,1,2,tauscale,rfch,10,classical,0,0.0,0.0,1.0
ionosphere,fmcd,0.5,10,1,2,tauscale,rfch,10,classical,0,0.0,0.0,1.0
ionosphere,fmcd,0.5,25,1,2,tauscale,rfch,10,classical,0,0.0,0.0,1.0
ionosphere,fmcd,0.5,50,1,2,tauscale,rfch,10,classical,0,0.0,0.0,1.0
ionosphere,fmcd,0.5,100,1,2,tauscale,rfch,10,classical,0,0.0,0.0,1.0
ionosphere,fmcd,0.5,250,1,2,tauscale,rfch,10,classical,0,0.0,0.0,1.0
ionosphere,fmcd,0.5,750,1,2,tauscale,rfch,10,classical,0,0.0,0.0,1.0
ionosphere,fmcd,0.5,1000,1,2,tauscale,rfch,10,classical,0,0.0,0.0,1.0
ionosphere,fmcd,0.5,500,0,2,tauscale,rfch,10,classical,0,0.0,0.0,1.0
kc3,fmcd,0.5,500,1,2,tauscale,rfch,10,classical,0,0.0,0.0,1.0
kc3,ogk,0.5,500,1,2,tauscale,rfch,10,classical,0,0.0,0.0,1.0
kc3,olivehawkins,0.5,500,1,2,tauscale,rfch,10,classical,0,0.0,0.0,1.0
kc3,fmcd,0.05,500,1,2,tauscale,rfch,10,classical,0,0.0,0.0,1.0
kc3,fmcd,0.1,500,1,2,tauscale,rfch,10,classical,0,0.0,0.0,1.0
kc3,fmcd,0.2,500,1,2,tauscale,rfch,10,classical,0,0.0,0.0,1.0
kc3,fmcd,0.25,500,1,2,tauscale,rfch,10,classical,0,0.0,0.0,1.0
kc3,fmcd,0.3,500,1,2,tauscale,rfch,10,classical,0,0.0,0.0,1.0
kc3,fmcd,0.4,500,1,2,tauscale,rfch,10,classical,0,0.0,0.0,1.0
kc3,fmcd,0.5,2,1,2,tauscale,rfch,10,classical,0,0.0,0.0,1.0
kc3,fmcd,0.5,5,1,2,tauscale,rfch,10,classical,0,0.0,0.0,1.0
kc3,fmcd,0.5,10,1,2,tauscale,rfch,10,classical,0,0.0,0.0,1.0
kc3,fmcd,0.5,25,1,2,tauscale,rfch,10,classical,0,0.0,0.0,1.0
kc3,fmcd,0.5,50,1,2,tauscale,rfch,10,classical,0,0.0,0.0,1.0
kc3,fmcd,0.5,100,1,2,tauscale,rfch,10,classical,0,0.0,0.0,1.0
kc3,fmcd,0.5,250,1,2,tauscale,rfch,10,classical,0,0.0,0.0,1.0
kc3,fmcd,0.5,750,1,2,tauscale,rfch,10,classical,0,0.0,0.0,1.0
kc3,fmcd,0.5,1000,1,2,tauscale,rfch,10,classical,0,0.0,0.0,1.0
kc3,fmcd,0.5,500,0,2,tauscale,rfch,10,classical,0,0.0,0.0,1.0
letter,fmcd,0.5,500,1,2,tauscale,rfch,10,classical,0,0.0,0.0,1.0
letter,ogk,0.5,500,1,2,tauscale,rfch,10,classical,0,0.2532051282051282,0.0,1.0
letter,olivehawkins,0.5,500,1,2,tauscale,rfch,10,classical,0,0.23224043715846993,0.0,1.0
letter,fmcd,0.05,500,1,2,tauscale,rfch,10,classical,0,0.0,0.0,1.0
letter,fmcd,0.1,500,1,2,tauscale,rfch,10,classical,0,0.0,0.0,1.0
letter,fmcd,0.2,500,1,2,tauscale,rfch,10,classical,0,0.0,0.0,1.0
letter,fmcd,0.25,500,1,2,tauscale,rfch,10,classical,0,0.0,0.0,1.0
letter,fmcd,0.3,500,1,2,tauscale,rfch,10,classical,0,0.0,0.0,1.0
letter,fmcd,0.4,500,1,2,tauscale,rfch,10,classical,0,0.0,0.0,1.0
letter,fmcd,0.5,2,1,2,tauscale,rfch,10,classical,0,0.0,0.0,1.0
letter,fmcd,0.5,5,1,2,tauscale,rfch,10,classical,0,0.0,0.0,1.0
letter,fmcd,0.5,10,1,2,tauscale,rfch,10,classical,0,0.0,0.0,1.0
letter,fmcd,0.5,25,1,2,tauscale,rfch,10,classical,0,0.0,0.0,1.0
letter,fmcd,0.5,50,1,2,tauscale,rfch,10,classical,0,0.0,0.0,1.0
letter,fmcd,0.5,100,1,2,tauscale,rfch,10,classical,0,0.0,0.0,1.0
letter,fmcd,0.5,250,1,2,tauscale,rfch,10,classical,0,0.0,0.0,1.0
letter,fmcd,0.5,750,1,2,tauscale,rfch,10,classical,0,0.0,0.0,1.0
letter,fmcd,0.5,1000,1,2,tauscale,rfch,10,classical,0,0.0,0.0,1.0
letter,fmcd,0.5,500,0,2,tauscale,rfch,10,classical,0,0.0,0.0,1.0
lungcancer_GSE31210,fmcd,0.5,500,1,2,tauscale,rfch,10,classical,0,0.0,0.0,1.0
lungcancer_GSE31210,ogk,0.5,500,1,2,tauscale,rfch,10,classical,0,0.0,0.0,1.0
lungcancer_GSE31210,olivehawkins,0.5,500,1,2,tauscale,rfch,10,classical,0,0.0,0.0,1.0
lungcancer_GSE31210,fmcd,0.05,500,1,2,tauscale,rfch,10,classical,0,0.0,0.0,1.0
lungcancer_GSE31210,fmcd,0.1,500,1,2,tauscale,rfch,10,classical,0,0.0,0.0,1.0
lungcancer_GSE31210,fmcd,0.2,500,1,2,tauscale,rfch,10,classical,0,0.0,0.0,1.0
lungcancer_GSE31210,fmcd,0.25,500,1,2,tauscale,rfch,10,classical,0,0.0,0.0,1.0
lungcancer_GSE31210,fmcd,0.3,500,1,2,tauscale,rfch,10,classical,0,0.0,0.0,1.0
lungcancer_GSE31210,fmcd,0.4,500,1,2,tauscale,rfch,10,classical,0,0.0,0.0,1.0
lungcancer_GSE31210,fmcd,0.5,2,1,2,tauscale,rfch,10,classical,0,0.0,0.0,1.0
lungcancer_GSE31210,fmcd,0.5,5,1,2,tauscale,rfch,10,classical,0,0.0,0.0,1.0
lungcancer_GSE31210,fmcd,0.5,10,1,2,tauscale,rfch,10,classical,0,0.0,0.0,1.0
lungcancer_GSE31210,fmcd,0.5,25,1,2,tauscale,rfch,10,classical,0,0.0,0.0,1.0
lungcancer_GSE31210,fmcd,0.5,50,1,2,tauscale,rfch,10,classical,0,0.0,0.0,1.0
lungcancer_GSE31210,fmcd,0.5,100,1,2,tauscale,rfch,10,classical,0,0.0,0.0,1.0
lungcancer_GSE31210,fmcd,0.5,250,1,2,tauscale,rfch,10,classical,0,0.0,0.0,1.0
lungcancer_GSE31210,fmcd,0.5,750,1,2,tauscale,rfch,10,classical,0,0.0,0.0,1.0
lungcancer_GSE31210,fmcd,0.5,1000,1,2,tauscale,rfch,10,classical,0,0.0,0.0,1.0
lungcancer_GSE31210,fmcd,0.5,500,0,2,tauscale,rfch,10,classical,0,0.0,0.0,1.0
lympho,fmcd,0.5,500,1,2,tauscale,rfch,10,classical,0,0.0,0.0,1.0
lympho,ogk,0.5,500,1,2,tauscale,rfch,10,classical,0,0.0,0.0,1.0
lympho,olivehawkins,0.5,500,1,2,tauscale,rfch,10,classical,0,0.0,0.0,1.0
lympho,fmcd,0.05,500,1,2,tauscale,rfch,10,classical,0,0.0,0.0,1.0
lympho,fmcd,0.1,500,1,2,tauscale,rfch,10,classical,0,0.0,0.0,1.0
lympho,fmcd,0.2,500,1,2,tauscale,rfch,10,classical,0,0.0,0.0,1.0
lympho,fmcd,0.25,500,1,2,tauscale,rfch,10,classical,0,0.0,0.0,1.0
lympho,fmcd,0.3,500,1,2,tauscale,rfch,10,classical,0,0.0,0.0,1.0
lympho,fmcd,0.4,500,1,2,tauscale,rfch,10,classical,0,0.0,0.0,1.0
lympho,fmcd,0.5,2,1,2,tauscale,rfch,10,classical,0,0.0,0.0,1.0
lympho,fmcd,0.5,5,1,2,tauscale,rfch,10,classical,0,0.0,0.0,1.0
lympho,fmcd,0.5,10,1,2,tauscale,rfch,10,classical,0,0.0,0.0,1.0
lympho,fmcd,0.5,25,1,2,tauscale,rfch,10,classical,0,0.0,0.0,1.0
lympho,fmcd,0.5,50,1,2,tauscale,rfch,10,classical,0,0.0,0.0,1.0
lympho,fmcd,0.5,100,1,2,tauscale,rfch,10,classical,0,0.0,0.0,1.0
lympho,fmcd,0.5,250,1,2,tauscale,rfch,10,classical,0,0.0,0.0,1.0
lympho,fmcd,0.5,750,1,2,tauscale,rfch,10,classical,0,0.0,0.0,1.0
lympho,fmcd,0.5,1000,1,2,tauscale,rfch,10,classical,0,0.0,0.0,1.0
lympho,fmcd,0.5,500,0,2,tauscale,rfch,10,classical,0,0.0,0.0,1.0
mw1,fmcd,0.5,500,1,2,tauscale,rfch,10,classical,0,0.0,0.0,1.0
mw1,ogk,0.5,500,1,2,tauscale,rfch,10,classical,0,0.0,0.0,1.0
mw1,olivehawkins,0.5,500,1,2,tauscale,rfch,10,classical,0,0.0,0.0,1.0
mw1,fmcd,0.05,500,1,2,tauscale,rfch,10,classical,0,0.0,0.0,1.0
mw1,fmcd,0.1,500,1,2,tauscale,rfch,10,classical,0,0.0,0.0,1.0
mw1,fmcd,0.2,500,1,2,tauscale,rfch,10,classical,0,0.0,0.0,1.0
mw1,fmcd,0.25,500,1,2,tauscale,rfch,10,classical,0,0.0,0.0,1.0
mw1,fmcd,0.3,500,1,2,tauscale,rfch,10,classical,0,0.0,0.0,1.0
mw1,fmcd,0.4,500,1,2,tauscale,rfch,10,classical,0,0.0,0.0,1.0
mw1,fmcd,0.5,2,1,2,tauscale,rfch,10,classical,0,0.0,0.0,1.0
mw1,fmcd,0.5,5,1,2,tauscale,rfch,10,classical,0,0.0,0.0,1.0
mw1,fmcd,0.5,10,1,2,tauscale,rfch,10,classical,0,0.0,0.0,1.0
mw1,fmcd,0.5,25,1,2,tauscale,rfch,10,classical,0,0.0,0.0,1.0
mw1,fmcd,0.5,50,1,2,tauscale,rfch,10,classical,0,0.0,0.0,1.0
mw1,fmcd,0.5,100,1,2,tauscale,rfch,10,classical,0,0.0,0.0,1.0
mw1,fmcd,0.5,250,1,2,tauscale,rfch,10,classical,0,0.0,0.0,1.0
mw1,fmcd,0.5,750,1,2,tauscale,rfch,10,classical,0,0.0,0.0,1.0
mw1,fmcd,0.5,1000,1,2,tauscale,rfch,10,classical,0,0.0,0.0,1.0
mw1,fmcd,0.5,500,0,2,tauscale,rfch,10,classical,0,0.0,0.0,1.0
optdigits,fmcd,0.5,500,1,2,tauscale,rfch,10,classical,0,0.0,0.0,1.0
optdigits,ogk,0.5,500,1,2,tauscale,rfch,10,classical,0,0.0,0.0,1.0
optdigits,olivehawkins,0.5,500,1,2,tauscale,rfch,10,classical,0,0.0,0.0,1.0
optdigits,fmcd,0.05,500,1,2,tauscale,rfch,10,classical,0,0.0,0.0,1.0
optdigits,fmcd,0.1,500,1,2,tauscale,rfch,10,classical,0,0.0,0.0,1.0
optdigits,fmcd,0.2,500,1,2,tauscale,rfch,10,classical,0,0.0,0.0,1.0
optdigits,fmcd,0.25,500,1,2,tauscale,rfch,10,classical,0,0.0,0.0,1.0
optdigits,fmcd,0.3,500,1,2,tauscale,rfch,10,classical,0,0.0,0.0,1.0
optdigits,fmcd,0.4,500,1,2,tauscale,rfch,10,classical,0,0.0,0.0,1.0
optdigits,fmcd,0.5,2,1,2,tauscale,rfch,10,classical,0,0.0,0.0,1.0
optdigits,fmcd,0.5,5,1,2,tauscale,rfch,10,classical,0,0.0,0.0,1.0
optdigits,fmcd,0.5,10,1,2,tauscale,rfch,10,classical,0,0.0,0.0,1.0
optdigits,fmcd,0.5,25,1,2,tauscale,rfch,10,classical,0,0.0,0.0,1.0
optdigits,fmcd,0.5,50,1,2,tauscale,rfch,10,classical,0,0.0,0.0,1.0
optdigits,fmcd,0.5,100,1,2,tauscale,rfch,10,classical,0,0.0,0.0,1.0
optdigits,fmcd,0.5,250,1,2,tauscale,rfch,10,classical,0,0.0,0.0,1.0
optdigits,fmcd,0.5,750,1,2,tauscale,rfch,10,classical,0,0.0,0.0,1.0
optdigits,fmcd,0.5,1000,1,2,tauscale,rfch,10,classical,0,0.0,0.0,1.0
optdigits,fmcd,0.5,500,0,2,tauscale,rfch,10,classical,0,0.0,0.0,1.0
pc1,fmcd,0.5,500,1,2,tauscale,rfch,10,classical,0,0.0,0.0,1.0
pc1,ogk,0.5,500,1,2,tauscale,rfch,10,classical,0,0.0,0.0,1.0
pc1,olivehawkins,0.5,500,1,2,tauscale,rfch,10,classical,0,0.0,0.0,1.0
pc1,fmcd,0.05,500,1,2,tauscale,rfch,10,classical,0,0.0,0.0,1.0
pc1,fmcd,0.1,500,1,2,tauscale,rfch,10,classical,0,0.0,0.0,1.0
pc1,fmcd,0.2,500,1,2,tauscale,rfch,10,classical,0,0.0,0.0,1.0
pc1,fmcd,0.25,500,1,2,tauscale,rfch,10,classical,0,0.0,0.0,1.0
pc1,fmcd,0.3,500,1,2,tauscale,rfch,10,classical,0,0.0,0.0,1.0
pc1,fmcd,0.4,500,1,2,tauscale,rfch,10,classical,0,0.0,0.0,1.0
pc1,fmcd,0.5,2,1,2,tauscale,rfch,10,classical,0,0.0,0.0,1.0
pc1,fmcd,0.5,5,1,2,tauscale,rfch,10,classical,0,0.0,0.0,1.0
pc1,fmcd,0.5,10,1,2,tauscale,rfch,10,classical,0,0.0,0.0,1.0
pc1,fmcd,0.5,25,1,2,tauscale,rfch,10,classical,0,0.0,0.0,1.0
pc1,fmcd,0.5,50,1,2,tauscale,rfch,10,classical,0,0.0,0.0,1.0
pc1,fmcd,0.5,100,1,2,tauscale,rfch,10,classical,0,0.0,0.0,1.0
pc1,fmcd,0.5,250,1,2,tauscale,rfch,10,classical,0,0.0,0.0,1.0
pc1,fmcd,0.5,750,1,2,tauscale,rfch,10,classical,0,0.0,0.0,1.0
pc1,fmcd,0.5,1000,1,2,tauscale,rfch,10,classical,0,0.0,0.0,1.0
pc1,fmcd,0.5,500,0,2,tauscale,rfch,10,classical,0,0.0,0.0,1.0
pima,fmcd,0.5,500,1,2,tauscale,rfch,10,classical,0,0.35646420088225306,0.0,0.9978677854713859
pima,ogk,0.5,500,1,2,tauscale,rfch,10,classical,0,0.4679089026915113,0.0,1.0
pima,olivehawkins,0.5,500,1,2,tauscale,rfch,10,classical,0,0.340632603406326,0.0,1.0
pima,fmcd,0.05,500,1,2,tauscale,rfch,10,classical,0,0.26086956521739124,0.0,1.0
pima,fmcd,0.1,500,1,2,tauscale,rfch,10,classical,0,0.2737283714459612,0.0,0.9985450320505779
pima,fmcd,0.2,500,1,2,tauscale,rfch,10,classical,0,0.28668271322889466,0.0009781545484185909,0.9968087151286691
pima,fmcd,0.25,500,1,2,tauscale,rfch,10,classical,0,0.2915601023017903,0.0,1.0
pima,fmcd,0.3,500,1,2,tauscale,rfch,10,classical,0,0.3025059435841418,0.0053424766765010085,0.9969558884112609
pima,fmcd,0.4,500,1,2,tauscale,rfch,10,classical,0,0.3286545211414903,0.0072102669747504,0.9807869308983104
pima,fmcd,0.5,2,1,2,tauscale,rfch,10,classical,0,0.35265060839011175,0.007365992522980883,0.9825467478609402
pima,fmcd,0.5,5,1,2,tauscale,rfch,10,classical,0,0.35452992634629904,0.004330526214864355,0.9891967756155295
pima,fmcd,0.5,10,1,2,tauscale,rfch,10,classical,0,0.3554896650693679,0.005519558435325099,0.9955952366432966
pima,fmcd,0.5,25,1,2,tauscale,rfch,10,classical,0,0.3559345169595228,0.0008920606601248749,0.9921425657440431
pima,fmcd,0.5,50,1,2,tauscale,rfch,10,classical,0,0.35492242128269724,0.003244382190616351,0.9890656219374787
pima,fmcd,0.5,100,1,2,tauscale,rfch,10,classical,0,0.3571938425291561,0.0020832462065283977,0.9934738774935273
pima,fmcd,0.5,250,1,2,tauscale,rfch,10,classical,0,0.3560208904110513,0.0008920606601248749,0.9922681506827117
pima,fmcd,0.5,750,1,2,tauscale,rfch,10,classical,0,0.3573280402433513,0.0011890606420927286,0.995076899449309
pima,fmcd,0.5,500,0,2,tauscale,rfch,10,classical,0,0.3556487705171184,0.0,0.9933645365963031
satellite,fmcd,0.5,500,1,2,tauscale,rfch,10,classical,0,0.6807804700395401,0.00021048923861825882,0.998446219925764
satellite,ogk,0.5,500,1,2,tauscale,rfch,10,classical,0,0.6257088846880909,0.0,1.0
satellite,olivehawkins,0.5,500,1,2,tauscale,rfch,10,classical,0,0.6887149709669275,0.0,1.0
satellite,fmcd,0.05,500,1,2,tauscale,rfch,10,classical,0,0.5084145261293179,0.0,1.0
satellite,fmcd,0.1,500,1,2,tauscale,rfch,10,classical,0,0.5478678747024764,0.00037759097550162053,0.9993804241345218
satellite,fmcd,0.2,500,1,2,tauscale,rfch,10,classical,0,0.6545798564696649,0.000604759130720615,0.9988328942179717
satellite,fmcd,0.25,500,1,2,tauscale,rfch,10,classical,0,0.6708204094652711,0.0024129356530916417,0.9940909384070746
satellite,fmcd,0.3,500,1,2,tauscale,rfch,10,classical,0,0.6879960000816838,0.00012554927809164726,0.9987544418419563
satellite,fmcd,0.4,500,1,2,tauscale,rfch,10,classical,0,0.683869408158907,0.0001222942399412611,0.9993957113921209
satellite,fmcd,0.5,2,1,2,tauscale,rfch,10,classical,0,0.6802867327316078,0.0006701650696025229,0.9978167201363838
satellite,fmcd,0.5,5,1,2,tauscale,rfch,10,classical,0,0.6800306520394679,0.000435036043381042,0.9982647232550355
satellite,fmcd,0.5,10,1,2,tauscale,rfch,10,classical,0,0.6802530712897913,0.0003236485438593336,0.9981944591612399
satellite,fmcd,0.5,25,1,2,tauscale,rfch,10,classical,0,0.6806196901902065,0.00012026458208060336,0.99787281318368
satellite,fmcd,0.5,50,1,2,tauscale,rfch,10,classical,0,0.6807660763684145,0.00017486983195685204,0.9987401102710394
satellite,fmcd,0.5,100,1,2,tauscale,rfch,10,classical,0,0.6807323236971117,0.0002104874302372037,0.9987540945330293
satellite,fmcd,0.5,250,1,2,tauscale,rfch,10,classical,0,0.6807466863420931,0.0002104874302372037,0.9991880118378779
satellite,fmcd,0.5,750,1,2,tauscale,rfch,10,classical,0,0.68073232739444,0.00020863773160570824,0.9988660494207503
satellite,fmcd,0.5,1000,1,2,tauscale,rfch,10,classical,0,0.6808121931448473,0.00021048923861825882,0.9990200244447786
satellite,fmcd,0.5,500,0,2,tauscale,rfch,10,classical,0,0.6798147362838443,0.0003303348422412086,0.9971604745526329
satimage-2,fmcd,0.5,500,1,2,tauscale,rfch,10,classical,0,0.08531612955045516,0.000600961538461653,0.9972218422374367
satimage-2,ogk,0.5,500,1,2,tauscale,rfch,10,classical,0,0.0773420479302832,0.0,1.0
satimage-2,olivehawkins,0.5,500,1,2,tauscale,rfch,10,classical,0,0.09441489361702118,0.0,1.0
satimage-2,fmcd,0.05,500,1,2,tauscale,rfch,10,classical,0,0.1168339831059129,0.000411353352530186,0.999292170041127
satimage-2,fmcd,0.1,500,1,2,tauscale,rfch,10,classical,0,0.11081641886194768,0.0006830506385376652,0.9980268970805052
satimage-2,fmcd,0.2,500,1,2,tauscale,rfch,10,classical,0,0.09984540676574269,0.0007032348804503109,0.9975002571434213
satimage-2,fmcd,0.25,500,1,2,tauscale,rfch,10,classical,0,0.09457844552414872,0.0005829378001039637,0.9977708610531555
satimage-2,fmcd,0.3,500,1,2,tauscale,rfch,10,classical,0,0.09259272025694898,0.0006518904823990525,0.997393065386752
satimage-2,fmcd,0.4,500,1,2,tauscale,rfch,10,classical,0,0.08858398795353624,0.0005458454737731944,0.9965858371731698
satimage-2,fmcd,0.5,2,1,2,tauscale,rfch,10,classical,0,0.08527507767566553,0.0,0.9979881871387197
satimage-2,fmcd,0.5,5,1,2,tauscale,rfch,10,classical,0,0.08534176864416546,0.0007514503968217361,0.9972693904281155
satimage-2,fmcd,0.5,10,1,2,tauscale,rfch,10,classical,0,0.08533147473898653,0.0005258470125105689,0.9970780792086693
satimage-2,fmcd,0.5,25,1,2,tauscale,rfch,10,classical,0,0.08525462562792921,0.0004505180958102038,0.9979563073770022
satimage-2,fmcd,0.5,50,1,2,tauscale,rfch,10,classical,0,0.08530082750973036,0.0008260457431293774,0.9971421417613101
satimage-2,fmcd,0.5,100,1,2,tauscale,rfch,10,classical,0,0.08533659395934752,0.0,0.9976047828680469
satimage-2,fmcd,0.5,250,1,2,tauscale,rfch,10,classical,0,0.08533151182290774,0.0005258357264270408,0.9976205929593388
satimage-2,fmcd,0.5,750,1,2,tauscale,rfch,10,classical,0,0.08528535286705359,0.00022530980097639907,0.9970948800895456
satimage-2,fmcd,0.5,1000,1,2,tauscale,rfch,10,classical,0,0.08536225756447707,0.0007514277941175646,0.9980034394892843
satimage-2,fmcd,0.5,500,0,2,tauscale,rfch,10,classical,0,0.08480653537956746,0.0002985965959987357,0.9965878911972554
thoracic_surgery,fmcd,0.5,500,1,2,tauscale,rfch,10,classical,0,0.0,0.0,1.0
thoracic_surgery,ogk,0.5,500,1,2,tauscale,rfch,10,classical,0,0.2893081761006289,0.0,1.0
thoracic_surgery,olivehawkins,0.5,500,1,2,tauscale,rfch,10,classical,0,0.0,0.0,1.0
thoracic_surgery,fmcd,0.05,500,1,2,tauscale,rfch,10,classical,0,0.0,0.0,1.0
thoracic_surgery,fmcd,0.1,500,1,2,tauscale,rfch,10,classical,0,0.0,0.0,1.0
thoracic_surgery,fmcd,0.2,500,1,2,tauscale,rfch,10,classical,0,0.0,0.0,1.0
thoracic_surgery,fmcd,0.25,500,1,2,tauscale,rfch,10,classical,0,0.0,0.0,1.0
thoracic_surgery,fmcd,0.3,500,1,2,tauscale,rfch,10,classical,0,0.0,0.0,1.0
thoracic_surgery,fmcd,0.4,500,1,2,tauscale,rfch,10,classical,0,0.0,0.0,1.0
thoracic_surgery,fmcd,0.5,2,1,2,tauscale,rfch,10,classical,0,0.0,0.0,1.0
thoracic_surgery,fmcd,0.5,5,1,2,tauscale,rfch,10,classical,0,0.0,0.0,1.0
thoracic_surgery,fmcd,0.5,10,1,2,tauscale,rfch,10,classical,0,0.0,0.0,1.0
thoracic_surgery,fmcd,0.5,25,1,2,tauscale,rfch,10,classical,0,0.0,0.0,1.0
thoracic_surgery,fmcd,0.5,50,1,2,tauscale,rfch,10,classical,0,0.0,0.0,1.0
thoracic_surgery,fmcd,0.5,100,1,2,tauscale,rfch,10,classical,0,0.0,0.0,1.0
thoracic_surgery,fmcd,0.5,250,1,2,tauscale,rfch,10,classical,0,0.0,0.0,1.0
thoracic_surgery,fmcd,0.5,750,1,2,tauscale,rfch,10,classical,0,0.0,0.0,1.0
thoracic_surgery,fmcd,0.5,1000,1,2,tauscale,rfch,10,classical,0,0.0,0.0,1.0
thoracic_surgery,fmcd,0.5,500,0,2,tauscale,rfch,10,classical,0,0.0,0.0,1.0
thyroid,fmcd,0.5,500,1,2,tauscale,rfch,10,classical,0,0.16103896103896104,0.0,1.0
thyroid,ogk,0.5,500,1,2,tauscale,rfch,10,classical,0,0.1431870669745958,0.0,1.0
thyroid,olivehawkins,0.5,500,1,2,tauscale,rfch,10,classical,0,0.1834319526627219,0.0,1.0
thyroid,fmcd,0.05,500,1,2,tauscale,rfch,10,classical,0,0.2450066577896138,0.0,1.0
thyroid,fmcd,0.1,500,1,2,tauscale,rfch,10,classical,0,0.22991368393917969,0.0,0.9979003743787834
thyroid,fmcd,0.2,500,1,2,tauscale,rfch,10,classical,0,0.2048458149779735,0.0,1.0
thyroid,fmcd,0.25,500,1,2,tauscale,rfch,10,classical,0,0.19695063051669978,0.0005293806246690864,0.998911891873271
thyroid,fmcd,0.3,500,1,2,tauscale,rfch,10,classical,0,0.19076923076923072,0.0,1.0
thyroid,fmcd,0.4,500,1,2,tauscale,rfch,10,classical,0,0.17450062009597903,0.00046926325668686966,0.9982806111153418
thyroid,fmcd,0.5,2,1,2,tauscale,rfch,10,classical,0,0.16105291588827114,0.0,0.9997798893176341
thyroid,fmcd,0.5,5,1,2,tauscale,rfch,10,classical,0,0.16103896103896104,0.0,1.0
thyroid,fmcd,0.5,10,1,2,tauscale,rfch,10,classical,0,0.16103896103896104,0.0,1.0
thyroid,fmcd,0.5,25,1,2,tauscale,rfch,10,classical,0,0.16103896103896104,0.0,1.0
thyroid,fmcd,0.5,50,1,2,tauscale,rfch,10,classical,0,0.16103896103896104,0.0,1.0
thyroid,fmcd,0.5,100,1,2,tauscale,rfch,10,classical,0,0.16103896103896104,0.0,1.0
thyroid,fmcd,0.5,250,1,2,tauscale,rfch,10,classical,0,0.16105291588827114,0.0,0.9997798893176341
thyroid,fmcd,0.5,750,1,2,tauscale,rfch,10,classical,0,0.16105291588827114,0.0,0.9997798893176341
thyroid,fmcd,0.5,1000,1,2,tauscale,rfch,10,classical,0,0.16103896103896104,0.0,1.0
thyroid,fmcd,0.5,500,0,2,tauscale,rfch,10,classical,0,0.16084402747829513,0.00043233895373977,0.9989733908976888
vertebral,fmcd,0.5,500,1,2,tauscale,rfch,10,classical,0,0.09886815212133457,1.0,0.40418644970065964
vertebral,ogk,0.5,500,1,2,tauscale,rfch,10,classical,0,0.027027027027027,0.0,1.0
vertebral,olivehawkins,0.5,500,1,2,tauscale,rfch,10,classical,0,0.0,0.0,1.0
vertebral,fmcd,0.05,500,1,2,tauscale,rfch,10,classical,0,0.0,0.0,1.0
vertebral,fmcd,0.1,500,1,2,tauscale,rfch,10,classical,0,0.0,0.0,1.0
vertebral,fmcd,0.2,500,1,2,tauscale,rfch,10,classical,0,0.0,0.0,1.0
vertebral,fmcd,0.25,500,1,2,tauscale,rfch,10,classical,0,0.0,0.0,0.987054946716388
vertebral,fmcd,0.3,500,1,2,tauscale,rfch,10,classical,0,0.040610183467326325,0.0,0.6440615648600503
vertebral,fmcd,0.4,500,1,2,tauscale,rfch,10,classical,0,0.0396078431372549,0.0,0.6429415419032938
vertebral,fmcd,0.5,2,1,2,tauscale,rfch,10,classical,0,0.1007737456470315,0.7346913235591412,0.4692692306858269
vertebral,fmcd,0.5,5,1,2,tauscale,rfch,10,classical,0,0.051691875328796634,1.0,0.25426966203227575
vertebral,fmcd,0.5,10,1,2,tauscale,rfch,10,classical,0,0.12632553021208479,0.7181208053691275,0.4243765313826292
vertebral,fmcd,0.5,25,1,2,tauscale,rfch,10,classical,0,0.03896718055424192,0.0,0.6401106424135204
vertebral,fmcd,0.5,50,1,2,tauscale,rfch,10,classical,0,0.058667114977794574,1.0,0.5259373792873634
vertebral,fmcd,0.5,100,1,2,tauscale,rfch,10,classical,0,0.09731902084843261,1.0,0.4179044346882664
vertebral,fmcd,0.5,250,1,2,tauscale,rfch,10,classical,0,0.039809863339275095,0.0,0.6418448546619783
vertebral,fmcd,0.5,750,1,2,tauscale,rfch,10,classical,0,0.038098693759071114,0.0,0.6422271224679315
vertebral,fmcd,0.5,1000,1,2,tauscale,rfch,10,classical,0,0.01818181818181818,0.0,0.8
vertebral,fmcd,0.5,500,0,2,tauscale,rfch,10,classical,0,0.11456723819010786,1.0,0.4238761336316696
visualizing_livestock,fmcd,0.5,500,1,2,tauscale,rfch,10,classical,0,0.0,0.0,1.0
visualizing_livestock,ogk,0.5,500,1,2,tauscale,rfch,10,classical,0,0.0,0.0,1.0
visualizing_livestock,olivehawkins,0.5,500,1,2,tauscale,rfch,10,classical,0,0.0,0.0,1.0
visualizing_livestock,fmcd,0.05,500,1,2,tauscale,rfch,10,classical,0,0.0,0.0,1.0
visualizing_livestock,fmcd,0.1,500,1,2,tauscale,rfch,10,classical,0,0.0,0.0,1.0
visualizing_livestock,fmcd,0.2,500,1,2,tauscale,rfch,10,classical,0,0.0,0.0,1.0
visualizing_livestock,fmcd,0.25,500,1,2,tauscale,rfch,10,classical,0,0.0,0.0,1.0
visualizing_livestock,fmcd,0.3,500,1,2,tauscale,rfch,10,classical,0,0.0,0.0,1.0
visualizing_livestock,fmcd,0.4,500,1,2,tauscale,rfch,10,classical,0,0.0,0.0,1.0
visualizing_livestock,fmcd,0.5,2,1,2,tauscale,rfch,10,classical,0,0.0,0.0,1.0
visualizing_livestock,fmcd,0.5,5,1,2,tauscale,rfch,10,classical,0,0.0,0.0,1.0
visualizing_livestock,fmcd,0.5,10,1,2,tauscale,rfch,10,classical,0,0.0,0.0,1.0
visualizing_livestock,fmcd,0.5,25,1,2,tauscale,rfch,10,classical,0,0.0,0.0,1.0
visualizing_livestock,fmcd,0.5,50,1,2,tauscale,rfch,10,classical,0,0.0,0.0,1.0
visualizing_livestock,fmcd,0.5,100,1,2,tauscale,rfch,10,classical,0,0.0,0.0,1.0
visualizing_livestock,fmcd,0.5,250,1,2,tauscale,rfch,10,classical,0,0.0,0.0,1.0
visualizing_livestock,fmcd,0.5,750,1,2,tauscale,rfch,10,classical,0,0.0,0.0,1.0
visualizing_livestock,fmcd,0.5,1000,1,2,tauscale,rfch,10,classical,0,0.0,0.0,1.0
visualizing_livestock,fmcd,0.5,500,0,2,tauscale,rfch,10,classical,0,0.0,0.0,1.0
vowels,fmcd,0.5,500,1,2,tauscale,rfch,10,classical,0,0.12474727056445004,0.001812909048286679,0.9751831047719892
vowels,ogk,0.5,500,1,2,tauscale,rfch,10,classical,0,0.275,0.0,1.0
vowels,olivehawkins,0.5,500,1,2,tauscale,rfch,10,classical,0,0.31906614785992227,0.0,1.0
vowels,fmcd,0.05,500,1,2,tauscale,rfch,10,classical,0,0.44025596276905166,0.0,0.9980892893159394
vowels,fmcd,0.1,500,1,2,tauscale,rfch,10,classical,0,0.43076923076923085,0.0,0.9902685449129661
vowels,fmcd,0.2,500,1,2,tauscale,rfch,10,classical,0,0.3892523130782696,0.001741149158444491,0.997159384508098
vowels,fmcd,0.25,500,1,2,tauscale,rfch,10,classical,0,0.3599983774203362,0.0016420361247947322,0.9774460229799786
vowels,fmcd,0.3,500,1,2,tauscale,rfch,10,classical,0,0.30451016408013104,0.0018552875695730822,0.9783782616998575
vowels,fmcd,0.4,500,1,2,tauscale,rfch,10,classical,0,0.23426048844518657,0.007331368277992477,0.982777557867244
vowels,fmcd,0.5,2,1,2,tauscale,rfch,10,classical,0,0.12461964386836973,0.0,0.9994504452733831
vowels,fmcd,0.5,5,1,2,tauscale,rfch,10,classical,0,0.12463768115942028,0.0,1.0
vowels,fmcd,0.5,10,1,2,tauscale,rfch,10,classical,0,0.12463768115942028,0.0,1.0
vowels,fmcd,0.5,25,1,2,tauscale,rfch,10,classical,0,0.12463768115942028,0.0,1.0
vowels,fmcd,0.5,50,1,2,tauscale,rfch,10,classical,0,0.12467433374096415,0.0,0.9913984940380105
vowels,fmcd,0.5,100,1,2,tauscale,rfch,10,classical,0,0.12465608564322225,0.0,0.9897838309716959
vowels,fmcd,0.5,250,1,2,tauscale,rfch,10,classical,0,0.12472754696812287,0.002178649237472649,0.9734492203752073
vowels,fmcd,0.5,750,1,2,tauscale,rfch,10,classical,0,0.12478413626910127,0.0016348773841960555,0.9735018213870656
vowels,fmcd,0.5,1000,1,2,tauscale,rfch,10,classical,0,0.12454812073678645,0.001268083450342431,0.9795709430588971
vowels,fmcd,0.5,500,0,2,tauscale,rfch,10,classical,0,0.12453024393615555,0.0014471780028945769,0.9766491717944785
wbc,fmcd,0.5,500,1,2,tauscale,rfch,10,classical,0,0.21955529953012362,0.002610966057441276,0.9486591986830452
wbc,ogk,0.5,500,1,2,tauscale,rfch,10,classical,0,0.22826086956521738,0.0,1.0
wbc,olivehawkins,0.5,500,1,2,tauscale,rfch,10,classical,0,0.2307692307692307,0.0,1.0
wbc,fmcd,0.05,500,1,2,tauscale,rfch,10,classical,0,0.34426229508196726,0.0,1.0
wbc,fmcd,0.1,500,1,2,tauscale,rfch,10,classical,0,0.328125,0.0,1.0
wbc,fmcd,0.2,500,1,2,tauscale,rfch,10,classical,0,0.3068044920010749,0.002749770852429076,0.9754073584472392
wbc,fmcd,0.25,500,1,2,tauscale,rfch,10,classical,0,0.2926068467542845,0.020833333333333336,0.9714714098006497
wbc,fmcd,0.3,500,1,2,tauscale,rfch,10,classical,0,0.2799697999213823,0.006077178358258435,0.9493984405543625
wbc,fmcd,0.4,500,1,2,tauscale,rfch,10,classical,0,0.25288632418917795,0.00826112151799799,0.896590469980776
wbc,fmcd,0.5,2,1,2,tauscale,rfch,10,classical,0,0.2214108573925438,0.004605711636083041,0.9340832611482169
wbc,fmcd,0.5,5,1,2,tauscale,rfch,10,classical,0,0.2202522129221775,0.0019697964543662753,0.9346557401279924
wbc,fmcd,0.5,10,1,2,tauscale,rfch,10,classical,0,0.22001825611442904,0.004581595545784991,0.9505051568004034
wbc,fmcd,0.5,25,1,2,tauscale,rfch,10,classical,0,0.21921412467183296,0.002610966057441276,0.9548928212512193
wbc,fmcd,0.5,50,1,2,tauscale,rfch,10,classical,0,0.21979034825734023,0.003926728480088724,0.9290221749646501
wbc,fmcd,0.5,100,1,2,tauscale,rfch,10,classical,0,0.21932503637222892,0.002610966057441276,0.929027528380662
wbc,fmcd,0.5,250,1,2,tauscale,rfch,10,classical,0,0.2194419763005838,0.0045807389527387585,0.9144838308836782
wbc,fmcd,0.5,750,1,2,tauscale,rfch,10,classical,0,0.21853047450231794,0.0025974025974026703,0.9457335296904199
wbc,fmcd,0.5,1000,1,2,tauscale,rfch,10,classical,0,0.21830011956954962,0.0,0.9425625334693385
wbc,fmcd,0.5,500,0,2,tauscale,rfch,10,classical,0,0.21649829685297872,0.0038660050616766387,0.918528459500389
wine,fmcd,0.5,500,1,2,tauscale,rfch,10,classical,0,0.4883418131261221,0.021333731165150013,0.8833704011289762
wine,ogk,0.5,500,1,2,tauscale,rfch,10,classical,0,0.3030303030303029,0.0,1.0
wine,olivehawkins,0.5,500,1,2,tauscale,rfch,10,classical,0,0.4347826086956522,0.0,1.0
wine,fmcd,0.05,500,1,2,tauscale,rfch,10,classical,0,0.0,0.0,1.0
wine,fmcd,0.1,500,1,2,tauscale,rfch,10,classical,0,0.0,0.0,0.9782018850320076
wine,fmcd,0.2,500,1,2,tauscale,rfch,10,classical,0,0.5953654188948307,0.014925373134328356,0.9431717973338776
wine,fmcd,0.25,500,1,2,tauscale,rfch,10,classical,0,0.5349296665086138,0.013333333333333388,0.9556746981937365
wine,fmcd,0.3,500,1,2,tauscale,rfch,10,classical,0,0.51693657219973,0.012987012987012896,0.9750358258186056
wine,fmcd,0.4,500,1,2,tauscale,rfch,10,classical,0,0.486759581881533,0.00900900900900905,0.9624910570470009
wine,fmcd,0.5,2,1,2,tauscale,rfch,10,classical,0,0.4643382932856617,0.022427440633245376,0.7552463893114554
wine,fmcd,0.5,5,1,2,tauscale,rfch,10,classical,0,0.5018998639755722,0.021886439753874984,0.8504976148751688
wine,fmcd,0.5,10,1,2,tauscale,rfch,10,classical,0,0.49902617707495756,0.018752930145335293,0.8932397330920716
wine,fmcd,0.5,25,1,2,tauscale,rfch,10,classical,0,0.49339896055422816,0.030869845142489367,0.8615326777451364
wine,fmcd,0.5,50,1,2,tauscale,rfch,10,classical,0,0.4928530913216109,0.01234567901234569,0.8796461755125701
wine,fmcd,0.5,100,1,2,tauscale,rfch,10,classical,0,0.4953145057766367,0.01234567901234569,0.8705290656783673
wine,fmcd,0.5,250,1,2,tauscale,rfch,10,classical,0,0.49181226223200125,0.02135231316725984,0.8657233783944596
wine,fmcd,0.5,750,1,2,tauscale,rfch,10,classical,0,0.49768605378361475,0.01234567901234569,0.9351883843952251
wine,fmcd,0.5,1000,1,2,tauscale,rfch,10,classical,0,0.4822218620857305,0.012048192771084413,0.8629342400630178
wine,fmcd,0.5,500,0,2,tauscale,rfch,10,classical,0,0.4378073052448631,0.010989010989010973,0.8734233603516781
CastMetal1,ogk,0.5,500,1,1,tauscale,rfch,10,classical,0,0.0,0.0,1.0
CastMetal1,ogk,0.5,500,1,3,tauscale,rfch,10,classical,0,0.0,0.0,1.0
CastMetal1,ogk,0.5,500,1,2,qn,rfch,10,classical,0,0.0,0.0,1.0
CostaMadre1,ogk,0.5,500,1,1,tauscale,rfch,10,classical,0,0.0,0.0,1.0
CostaMadre1,ogk,0.5,500,1,3,tauscale,rfch,10,classical,0,0.0,0.0,1.0
CostaMadre1,ogk,0.5,500,1,2,qn,rfch,10,classical,0,0.0,0.0,1.0
KnuggetChase3,ogk,0.5,500,1,1,tauscale,rfch,10,classical,0,0.0,0.0,1.0
KnuggetChase3,ogk,0.5,500,1,3,tauscale,rfch,10,classical,0,0.0,0.0,1.0
KnuggetChase3,ogk,0.5,500,1,2,qn,rfch,10,classical,0,0.0,0.0,1.0
KungChi3,ogk,0.5,500,1,1,tauscale,rfch,10,classical,0,0.0,0.0,1.0
KungChi3,ogk,0.5,500,1,3,tauscale,rfch,10,classical,0,0.0,0.0,1.0
KungChi3,ogk,0.5,500,1,2,qn,rfch,10,classical,0,0.0,0.0,1.0
MeanWhile1,ogk,0.5,500,1,1,tauscale,rfch,10,classical,0,0.0,0.0,1.0
MeanWhile1,ogk,0.5,500,1,3,tauscale,rfch,10,classical,0,0.0,0.0,1.0
MeanWhile1,ogk,0.5,500,1,2,qn,rfch,10,classical,0,0.0,0.0,1.0
MegaWatt1,ogk,0.5,500,1,1,tauscale,rfch,10,classical,0,0.0,0.0,1.0
MegaWatt1,ogk,0.5,500,1,3,tauscale,rfch,10,classical,0,0.0,0.0,1.0
MegaWatt1,ogk,0.5,500,1,2,qn,rfch,10,classical,0,0.0,0.0,1.0
PieChart1,ogk,0.5,500,1,1,tauscale,rfch,10,classical,0,0.0,0.0,1.0
PieChart1,ogk,0.5,500,1,3,tauscale,rfch,10,classical,0,0.0,0.0,1.0
PieChart1,ogk,0.5,500,1,2,qn,rfch,10,classical,0,0.0,0.0,1.0
PieChart2,ogk,0.5,500,1,1,tauscale,rfch,10,classical,0,0.0,0.0,1.0
PieChart2,ogk,0.5,500,1,3,tauscale,rfch,10,classical,0,0.0,0.0,1.0
PieChart2,ogk,0.5,500,1,2,qn,rfch,10,classical,0,0.0,0.0,1.0
PieChart3,ogk,0.5,500,1,1,tauscale,rfch,10,classical,0,0.0,0.0,1.0
PieChart3,ogk,0.5,500,1,3,tauscale,rfch,10,classical,0,0.0,0.0,1.0
PieChart3,ogk,0.5,500,1,2,qn,rfch,10,classical,0,0.0,0.0,1.0
PizzaCutter1,ogk,0.5,500,1,1,tauscale,rfch,10,classical,0,0.0,0.0,1.0
PizzaCutter1,ogk,0.5,500,1,3,tauscale,rfch,10,classical,0,0.0,0.0,1.0
PizzaCutter1,ogk,0.5,500,1,2,qn,rfch,10,classical,0,0.0,0.0,1.0
PizzaCutter3,ogk,0.5,500,1,1,tauscale,rfch,10,classical,0,0.0,0.0,1.0
PizzaCutter3,ogk,0.5,500,1,3,tauscale,rfch,10,classical,0,0.0,0.0,1.0
PizzaCutter3,ogk,0.5,500,1,2,qn,rfch,10,classical,0,0.0,0.0,1.0
analcatdata_apnea1,ogk,0.5,500,1,1,tauscale,rfch,10,classical,0,0.0,0.0,1.0
analcatdata_apnea1,ogk,0.5,500,1,3,tauscale,rfch,10,classical,0,0.0,0.0,1.0
analcatdata_apnea1,ogk,0.5,500,1,2,qn,rfch,10,classical,0,0.0,0.0,1.0
analcatdata_apnea2,ogk,0.5,500,1,1,tauscale,rfch,10,classical,0,0.0,0.0,1.0
analcatdata_apnea2,ogk,0.5,500,1,3,tauscale,rfch,10,classical,0,0.0,0.0,1.0
analcatdata_apnea2,ogk,0.5,500,1,2,qn,rfch,10,classical,0,0.0,0.0,1.0
analcatdata_apnea3,ogk,0.5,500,1,1,tauscale,rfch,10,classical,0,0.0,0.0,1.0
analcatdata_apnea3,ogk,0.5,500,1,3,tauscale,rfch,10,classical,0,0.0,0.0,1.0
analcatdata_apnea3,ogk,0.5,500,1,2,qn,rfch,10,classical,0,0.0,0.0,1.0
analcatdata_challenger,ogk,0.5,500,1,1,tauscale,rfch,10,classical,0,0.0,0.0,1.0
analcatdata_challenger,ogk,0.5,500,1,3,tauscale,rfch,10,classical,0,0.0,0.0,1.0
analcatdata_challenger,ogk,0.5,500,1,2,qn,rfch,10,classical,0,0.0,0.0,1.0
analcatdata_chlamydia,ogk,0.5,500,1,1,tauscale,rfch,10,classical,0,0.0,0.0,1.0
analcatdata_chlamydia,ogk,0.5,500,1,3,tauscale,rfch,10,classical,0,0.0,0.0,1.0
analcatdata_chlamydia,ogk,0.5,500,1,2,qn,rfch,10,classical,0,0.0,0.0,1.0
analcatdata_lawsuit,ogk,0.5,500,1,1,tauscale,rfch,10,classical,0,0.0,0.0,1.0
analcatdata_lawsuit,ogk,0.5,500,1,3,tauscale,rfch,10,classical,0,0.2121212121212121,0.0,1.0
analcatdata_lawsuit,ogk,0.5,500,1,2,qn,rfch,10,classical,0,0.2028985507246377,0.0,1.0
analcatdata_neavote,ogk,0.5,500,1,1,tauscale,rfch,10,classical,0,0.0,0.0,1.0
analcatdata_neavote,ogk,0.5,500,1,3,tauscale,rfch,10,classical,0,0.0,0.0,1.0
analcatdata_neavote,ogk,0.5,500,1,2,qn,rfch,10,classical,0,0.0,0.0,1.0
annthyroid,ogk,0.5,500,1,1,tauscale,rfch,10,classical,0,0.3877995642701525,0.0,1.0
annthyroid,ogk,0.5,500,1,3,tauscale,rfch,10,classical,0,0.36663233779608645,0.0,1.0
annthyroid,ogk,0.5,500,1,2,qn,rfch,10,classical,0,0.3719958202716823,0.0,1.0
appendicitis,ogk,0.5,500,1,1,tauscale,rfch,10,classical,0,0.4307692307692307,0.0,1.0
appendicitis,ogk,0.5,500,1,3,tauscale,rfch,10,classical,0,0.4285714285714285,0.0,1.0
appendicitis,ogk,0.5,500,1,2,qn,rfch,10,classical,0,0.4705882352941176,0.0,1.0
ar1,ogk,0.5,500,1,1,tauscale,rfch,10,classical,0,0.0,0.0,1.0
ar1,ogk,0.5,500,1,3,tauscale,rfch,10,classical,0,0.0,0.0,1.0
ar1,ogk,0.5,500,1,2,qn,rfch,10,classical,0,0.0,0.0,1.0
ar3,ogk,0.5,500,1,1,tauscale,rfch,10,classical,0,0.0,0.0,1.0
ar3,ogk,0.5,500,1,3,tauscale,rfch,10,classical,0,0.0,0.0,1.0
ar3,ogk,0.5,500,1,2,qn,rfch,10,classical,0,0.0,0.0,1.0
ar4,ogk,0.5,500,1,1,tauscale,rfch,10,classical,0,0.0,0.0,1.0
ar4,ogk,0.5,500,1,3,tauscale,rfch,10,classical,0,0.0,0.0,1.0
ar4,ogk,0.5,500,1,2,qn,rfch,10,classical,0,0.0,0.0,1.0
ar6,ogk,0.5,500,1,1,tauscale,rfch,10,classical,0,0.0,0.0,1.0
ar6,ogk,0.5,500,1,3,tauscale,rfch,10,classical,0,0.0,0.0,1.0
ar6,ogk,0.5,500,1,2,qn,rfch,10,classical,0,0.0,0.0,1.0
arsenic-female-bladder,ogk,0.5,500,1,1,tauscale,rfch,10,classical,0,0.2738095238095238,0.0,1.0
arsenic-female-bladder,ogk,0.5,500,1,3,tauscale,rfch,10,classical,0,0.254335260115607,0.0,1.0
arsenic-female-bladder,ogk,0.5,500,1,2,qn,rfch,10,classical,0,0.2292993630573248,0.0,1.0
arsenic-female-lung,ogk,0.5,500,1,1,tauscale,rfch,10,classical,0,0.2990654205607476,0.0,1.0
arsenic-female-lung,ogk,0.5,500,1,3,tauscale,rfch,10,classical,0,0.2857142857142857,0.0,1.0
arsenic-female-lung,ogk,0.5,500,1,2,qn,rfch,10,classical,0,0.3125,0.0,1.0
arsenic-male-bladder,ogk,0.5,500,1,1,tauscale,rfch,10,classical,0,0.2692307692307692,0.0,1.0
arsenic-male-bladder,ogk,0.5,500,1,3,tauscale,rfch,10,classical,0,0.1987577639751552,0.0,1.0
arsenic-male-bladder,ogk,0.5,500,1,2,qn,rfch,10,classical,0,0.23140495867768593,0.0,1.0
arsenic-male-lung,ogk,0.5,500,1,1,tauscale,rfch,10,classical,0,0.27956989247311814,0.0,1.0
arsenic-male-lung,ogk,0.5,500,1,3,tauscale,rfch,10,classical,0,0.1733333333333333,0.0,1.0
arsenic-male-lung,ogk,0.5,500,1,2,qn,rfch,10,classical,0,0.23636363636363628,0.0,1.0
backache,ogk,0.5,500,1,1,tauscale,rfch,10,classical,0,0.2,0.0,1.0
backache,ogk,0.5,500,1,3,tauscale,rfch,10,classical,0,0.3132530120481928,0.0,1.0
backache,ogk,0.5,500,1,2,qn,rfch,10,classical,0,0.2,0.0,1.0
breastw,ogk,0.5,500,1,1,tauscale,rfch,10,classical,0,0.6406685236768802,0.0,1.0
breastw,ogk,0.5,500,1,3,tauscale,rfch,10,classical,0,0.6406685236768802,0.0,1.0
breastw,ogk,0.5,500,1,2,qn,rfch,10,classical,0,0.6406685236768802,0.0,1.0
cardio,ogk,0.5,500,1,1,tauscale,rfch,10,classical,0,0.0,0.0,1.0
cardio,ogk,0.5,500,1,3,tauscale,rfch,10,classical,0,0.25806451612903214,0.0,1.0
cardio,ogk,0.5,500,1,2,qn,rfch,10,classical,0,0.25858123569794056,0.0,1.0
climate-model-simulation-crashes,ogk,0.5,500,1,1,tauscale,rfch,10,classical,0,0.0,0.0,1.0
climate-model-simulation-crashes,ogk,0.5,500,1,3,tauscale,rfch,10,classical,0,0.0,0.0,1.0
climate-model-simulation-crashes,ogk,0.5,500,1,2,qn,rfch,10,classical,0,0.0,0.0,1.0
datatrieve,ogk,0.5,500,1,1,tauscale,rfch,10,classical,0,0.0,0.0,1.0
datatrieve,ogk,0.5,500,1,3,tauscale,rfch,10,classical,0,0.2,0.0,1.0
datatrieve,ogk,0.5,500,1,2,qn,rfch,10,classical,0,0.2105263157894736,0.0,1.0
fertility,ogk,0.5,500,1,1,tauscale,rfch,10,classical,0,0.09090909090909091,0.0,1.0
fertility,ogk,0.5,500,1,3,tauscale,rfch,10,classical,0,0.0869565217391304,0.0,1.0
fertility,ogk,0.5,500,1,2,qn,rfch,10,classical,0,0.0,0.0,1.0
flare,ogk,0.5,500,1,1,tauscale,rfch,10,classical,0,0.0,0.0,1.0
flare,ogk,0.5,500,1,3,tauscale,rfch,10,classical,0,0.0,0.0,1.0
flare,ogk,0.5,500,1,2,qn,rfch,10,classical,0,0.0,0.0,1.0
glass,ogk,0.5,500,1,1,tauscale,rfch,10,classical,0,0.06896551724137931,0.0,1.0
glass,ogk,0.5,500,1,3,tauscale,rfch,10,classical,0,0.1875,0.0,1.0
glass,ogk,0.5,500,1,2,qn,rfch,10,classical,0,0.1592920353982301,0.0,1.0
ionosphere,ogk,0.5,500,1,1,tauscale,rfch,10,classical,0,0.7609756097560976,0.0,1.0
ionosphere,ogk,0.5,500,1,3,tauscale,rfch,10,classical,0,0.0,0.0,1.0
ionosphere,ogk,0.5,500,1,2,qn,rfch,10,classical,0,0.7323076923076923,0.0,1.0
kc3,ogk,0.5,500,1,1,tauscale,rfch,10,classical,0,0.0,0.0,1.0
kc3,ogk,0.5,500,1,3,tauscale,rfch,10,classical,0,0.0,0.0,1.0
kc3,ogk,0.5,500,1,2,qn,rfch,10,classical,0,0.0,0.0,1.0
letter,ogk,0.5,500,1,1,tauscale,rfch,10,classical,0,0.3058823529411764,0.0,1.0
letter,ogk,0.5,500,1,3,tauscale,rfch,10,classical,0,0.24920127795527153,0.0,1.0
letter,ogk,0.5,500,1,2,qn,rfch,10,classical,0,0.25913621262458475,0.0,1.0
lungcancer_GSE31210,ogk,0.5,500,1,1,tauscale,rfch,10,classical,0,0.0,0.0,1.0
lungcancer_GSE31210,ogk,0.5,500,1,3,tauscale,rfch,10,classical,0,0.0,0.0,1.0
lungcancer_GSE31210,ogk,0.5,500,1,2,qn,rfch,10,classical,0,0.0,0.0,1.0
lympho,ogk,0.5,500,1,1,tauscale,rfch,10,classical,0,0.3809523809523809,0.0,1.0
lympho,ogk,0.5,500,1,3,tauscale,rfch,10,classical,0,0.0,0.0,1.0
lympho,ogk,0.5,500,1,2,qn,rfch,10,classical,0,0.3809523809523809,0.0,1.0
mw1,ogk,0.5,500,1,1,tauscale,rfch,10,classical,0,0.0,0.0,1.0
mw1,ogk,0.5,500,1,3,tauscale,rfch,10,classical,0,0.0,0.0,1.0
mw1,ogk,0.5,500,1,2,qn,rfch,10,classical,0,0.0,0.0,1.0
optdigits,ogk,0.5,500,1,1,tauscale,rfch,10,classical,0,0.0,0.0,1.0
optdigits,ogk,0.5,500,1,3,tauscale,rfch,10,classical,0,0.0,0.0,1.0
optdigits,ogk,0.5,500,1,2,qn,rfch,10,classical,0,0.0,0.0,1.0
pc1,ogk,0.5,500,1,1,tauscale,rfch,10,classical,0,0.0,0.0,1.0
pc1,ogk,0.5,500,1,3,tauscale,rfch,10,classical,0,0.0,0.0,1.0
pc1,ogk,0.5,500,1,2,qn,rfch,10,classical,0,0.0,0.0,1.0
pima,ogk,0.5,500,1,1,tauscale,rfch,10,classical,0,0.42643923240938164,0.0,1.0
pima,ogk,0.5,500,1,3,tauscale,rfch,10,classical,0,0.4382978723404256,0.0,1.0
pima,ogk,0.5,500,1,2,qn,rfch,10,classical,0,0.4397463002114165,0.0,1.0
satellite,ogk,0.5,500,1,1,tauscale,rfch,10,classical,0,0.6201696512723844,0.0,1.0
satellite,ogk,0.5,500,1,3,tauscale,rfch,10,classical,0,0.6303575657115796,0.0,1.0
satellite,ogk,0.5,500,1,2,qn,rfch,10,classical,0,0.6242884250474383,0.0,1.0
satimage-2,ogk,0.5,500,1,1,tauscale,rfch,10,classical,0,0.0764674205708131,0.0,1.0
satimage-2,ogk,0.5,500,1,3,tauscale,rfch,10,classical,0,0.0784530386740331,0.0,1.0
satimage-2,ogk,0.5,500,1,2,qn,rfch,10,classical,0,0.0838747784997046,0.0,1.0
thoracic_surgery,ogk,0.5,500,1,1,tauscale,rfch,10,classical,0,0.1724137931034482,0.0,1.0
thoracic_surgery,ogk,0.5,500,1,3,tauscale,rfch,10,classical,0,0.2767295597484276,0.0,1.0
thoracic_surgery,ogk,0.5,500,1,2,qn,rfch,10,classical,0,0.3018867924528302,0.0,1.0
thyroid,ogk,0.5,500,1,1,tauscale,rfch,10,classical,0,0.14385150812064956,0.0,1.0
thyroid,ogk,0.5,500,1,3,tauscale,rfch,10,classical,0,0.14176829268292676,0.0,1.0
thyroid,ogk,0.5,500,1,2,qn,rfch,10,classical,0,0.1480891719745223,0.0,1.0
vertebral,ogk,0.5,500,1,1,tauscale,rfch,10,classical,0,0.0259740259740259,0.0,1.0
vertebral,ogk,0.5,500,1,3,tauscale,rfch,10,classical,0,0.029411764705882297,0.0,1.0
vertebral,ogk,0.5,500,1,2,qn,rfch,10,classical,0,0.028169014084506998,0.0,1.0
visualizing_livestock,ogk,0.5,500,1,1,tauscale,rfch,10,classical,0,0.0,0.0,1.0
visualizing_livestock,ogk,0.5,500,1,3,tauscale,rfch,10,classical,0,0.0,0.0,1.0
visualizing_livestock,ogk,0.5,500,1,2,qn,rfch,10,classical,0,0.0,0.0,1.0
vowels,ogk,0.5,500,1,1,tauscale,rfch,10,classical,0,0.3003412969283277,0.0,1.0
vowels,ogk,0.5,500,1,3,tauscale,rfch,10,classical,0,0.27586206896551724,0.0,1.0
vowels,ogk,0.5,500,1,2,qn,rfch,10,classical,0,0.27586206896551724,0.0,1.0
wbc,ogk,0.5,500,1,1,tauscale,rfch,10,classical,0,0.21875,0.0,1.0
wbc,ogk,0.5,500,1,3,tauscale,rfch,10,classical,0,0.22459893048128338,0.0,1.0
wbc,ogk,0.5,500,1,2,qn,rfch,10,classical,0,0.227027027027027,0.0,1.0
wine,ogk,0.5,500,1,1,tauscale,rfch,10,classical,0,0.37837837837837823,0.0,1.0
wine,ogk,0.5,500,1,3,tauscale,rfch,10,classical,0,0.37837837837837823,0.0,1.0
wine,ogk,0.5,500,1,2,qn,rfch,10,classical,0,0.35,0.0,1.0
